X,Y,QUERY_FIELD,IN_DASHBOARD,OBJECTID,LOCATION,LOCATION_NUMBER,LOCATION_NAME,POD_LATITUDE,POD_LONGITUDE,POD_ALTITUDE,READING_DATESTAMP_UTC,TEMPERATURE_C,PRESSURE_MBAR,HUMIDITY_RH,NOISE_LEVEL_DB,PEAK_NOISE_DB,CO_SCALED_PPB,NO_SCALED_PPB,SO2_SCALED_PPB,NO2_SCALED_PPB,O3_SCALED_PPB,CO2_SCALED_PPM,PM10_SCALED_UGM3,PM4_SCALED_UGM3,PM2_5_SCALED_UGM3,PM1_SCALED_UGM3,PM_TOTAL_SCALED_UGM3,AQHI,PM_TPC_SCALED_COUNTM3,NOX_PPB,GlobalID
-80.46121771,43.4535745,READING,N,1,Smithson,1920,Pod 2450232,43.453566,-80.461214,316,2021/04/08 12:15:00+00,11.5,975.3,58.7,63.6,68.8,234.72,1.89,0.36,6.84,29.45,447.0,8.1,4.99,4.22,3.31,8.1,2.0,0.69,8.73,83f479b0-1958-4150-8ed3-828ab64ad204
-80.46121771,43.4535745,READING,N,2,Smithson,1920,Pod 2450232,43.453566,-80.461214,316,2021/04/08 12:30:00+00,11.7,975.5,58.8,63.2,74.1,243.06,2.63,0.53,7.34,27.11,431.0,9.58,5.06,4.2,3.36,9.58,2.0,0.7,9.97,2d770b48-c9cd-4dc9-9d02-57899b191c53
-80.46121771,43.4535745,READING,N,3,Smithson,1920,Pod 2450232,43.453566,-80.461214,316,2021/04/08 12:45:00+00,12.1,975.3,59.0,65.8,87.1,235.71,3.11,0.48,7.63,27.87,432.0,10.49,5.58,4.49,3.61,10.49,2.0,0.77,10.74,a8bf7bf1-c59b-4ad4-b367-edb8062b31b7
-80.46121771,43.4535745,READING,N,4,Smithson,1920,Pod 2450232,43.453566,-80.461214,316,2021/04/08 13:00:00+00,12.5,975.1,58.7,65.3,82.2,229.49,3.55,0.72,8.77,27.69,429.0,8.23,5.79,4.87,4.13,8.23,2.0,0.85,12.32,0116d9a6-3580-4d36-a7b3-0df4103db1c7
-80.50395272,43.4441815,READING,N,5,Victoria Park,1922,Pod 2450234,43.444173,-80.503949,294,2021/04/08 12:15:00+00,12.4,976.2,57.7,68.3,83.4,263.58,1.42,0.79,9.46,25.58,411.0,12.18,6.89,5.92,4.53,12.22,2.0,2.03,10.88,d81e5cf5-02bf-4fb2-bd32-4f774b93cb80
-80.50395272,43.4441815,READING,N,6,Victoria Park,1922,Pod 2450234,43.444173,-80.503949,294,2021/04/08 12:30:00+00,12.9,975.9,57.3,68.4,77.8,257.62,0.92,0.67,10.3,24.76,412.0,8.76,6.05,5.26,4.12,8.76,2.0,1.8,11.22,b6e9ad46-d517-43a7-b3dd-538ea3af58a9
-80.50395272,43.4441815,READING,N,7,Victoria Park,1922,Pod 2450234,43.444173,-80.503949,294,2021/04/08 12:45:00+00,13.3,976.4,56.8,67.8,81.5,252.74,1.41,1.11,11.14,21.6,410.0,10.61,6.66,5.71,4.43,12.21,2.0,1.96,12.55,a020ab8a-3100-4092-9d62-ed0e5ede06c0
-80.50395272,43.4441815,READING,N,8,Victoria Park,1922,Pod 2450234,43.444173,-80.503949,294,2021/04/08 13:00:00+00,13.9,976.1,56.1,68.9,76.3,254.95,1.43,1.05,10.64,25.62,411.0,10.05,7.13,6.32,4.83,10.05,2.0,2.15,12.07,a8207177-cc67-4907-9bda-1285c2b9c7c7
-80.50396672,43.4401795,READING,N,9,J. F. Carmichael,1921,Pod 2450233,43.440171,-80.503963,298,2021/04/08 12:15:00+00,11.9,974.4,56.5,68.6,75.3,344.16,0.59,0.06,7.23,26.73,423.0,7.47,4.73,4.0,2.99,7.47,2.0,2.98,7.82,1af64d52-575e-490b-a516-7e7f89b48b09
-80.50396672,43.4401795,READING,N,10,J. F. Carmichael,1921,Pod 2450233,43.440171,-80.503963,298,2021/04/08 12:30:00+00,12.3,974.6,56.6,69.9,82.7,340.53,0.07,0.27,8.15,27.48,425.0,9.61,5.28,4.29,3.17,10.08,2.0,3.17,8.22,4015000e-27b5-4173-b0f9-a8d787405058
-80.50396672,43.4401795,READING,N,11,J. F. Carmichael,1921,Pod 2450233,43.440171,-80.503963,298,2021/04/08 12:45:00+00,12.7,975.0,56.3,68.4,76.1,340.04,0.57,0.33,9.3,25.23,436.0,11.18,5.58,4.65,3.48,11.65,2.0,3.5,9.87,6e6cd3ac-909e-4fca-a235-2c7dc598bea9
-80.50396672,43.4401795,READING,N,12,J. F. Carmichael,1921,Pod 2450233,43.440171,-80.503963,298,2021/04/08 13:00:00+00,13.3,974.9,55.7,70.1,77.1,337.32,0.6,0.52,10.17,22.35,417.0,9.25,5.76,4.89,3.65,9.25,2.0,3.68,10.77,d8e5082c-df7b-4d8c-87be-cccdd2e36e10
-80.49204272,43.43330349,READING,N,13,St. Bernadette,1924,Pod 2450295,43.433295,-80.492039,297,2021/04/08 13:15:00+00,13.2,975.1,60.4,73.5,79.1,328.76,3.09,0.81,11.45,21.26,390.0,11.27,7.18,5.98,4.77,11.27,2.0,1.67,14.54,9760e10e-298e-4e9b-92be-98fd09323a33
-80.49204272,43.43330349,READING,N,14,St. Bernadette,1924,Pod 2450295,43.433295,-80.492039,297,2021/04/08 13:30:00+00,13.6,974.9,60.0,71.9,79.6,322.48,4.15,0.74,12.84,15.03,394.0,10.13,7.14,5.94,4.77,10.13,2.0,1.66,16.99,b8586dc3-d43c-4932-b09d-5041b412790a
-80.49204272,43.43330349,READING,N,15,St. Bernadette,1924,Pod 2450295,43.433295,-80.492039,297,2021/04/08 13:45:00+00,14.2,974.9,59.4,71.9,81.9,320.36,2.81,0.81,13.04,15.93,390.0,11.3,7.66,6.37,4.99,11.3,2.0,1.83,15.85,c70043d2-6239-4d68-841a-dd67b506c536
-80.49204272,43.43330349,READING,N,16,St. Bernadette,1924,Pod 2450295,43.433295,-80.492039,297,2021/04/08 14:00:00+00,14.9,974.7,58.4,71.4,84.1,309.98,4.09,0.97,12.73,19.12,389.0,10.42,7.57,6.48,5.2,10.42,2.0,1.95,16.82,3b1167f5-b44e-4150-8e47-e4b48cfbca15
-80.48289672,43.4528475,READING,N,17,Suddaby,1923,Pod 2450293,43.452839,-80.482893,331,2021/04/08 12:15:00+00,11.2,973.7,62.7,72.7,84.8,355.03,1.26,1.06,9.52,21.32,432.0,6.77,4.04,2.7,1.56,6.77,2.0,0.39,10.78,7eea83e8-f943-4709-b68c-d2ae630d0df9
-80.48289672,43.4528475,READING,N,18,Suddaby,1923,Pod 2450293,43.452839,-80.482893,331,2021/04/08 12:30:00+00,11.6,973.4,62.7,73.1,80.1,343.85,1.24,0.95,9.55,20.57,430.0,9.21,4.16,2.88,1.69,9.21,2.0,0.44,10.79,ed08d394-d372-414a-9d93-94a1cdba2265
-80.48289672,43.4528475,READING,N,19,Suddaby,1923,Pod 2450293,43.452839,-80.482893,331,2021/04/08 12:45:00+00,11.9,973.6,62.6,73.6,79.9,343.43,0.52,0.85,9.29,22.01,426.0,5.21,3.6,2.57,1.58,5.21,2.0,0.39,9.81,da370b2d-e0c4-468c-82ac-5f084b3b6d91
-80.48289672,43.4528475,READING,N,20,Suddaby,1923,Pod 2450293,43.452839,-80.482893,331,2021/04/08 13:00:00+00,12.2,973.8,62.4,73.2,82.3,340.31,1.22,1.02,10.26,22.99,429.0,9.31,4.92,3.22,1.82,9.31,2.0,0.5,11.48,d47218a9-b88a-49a3-add8-a742f1b3d846
-80.46121771,43.4535745,READING,N,21,Smithson,1920,Pod 2450232,43.453566,-80.461214,316,2021/04/08 13:15:00+00,13.1,975.6,57.9,65.7,76.4,227.33,2.64,0.87,9.8,26.01,446.0,11.16,6.42,5.32,4.33,11.16,2.0,0.93,12.44,f1a9c65d-1f05-4daa-a3d3-ea49ba1088f7
-80.46121771,43.4535745,READING,N,22,Smithson,1920,Pod 2450232,43.453566,-80.461214,316,2021/04/08 13:30:00+00,13.8,975.0,57.3,66.4,75.3,220.21,1.17,0.99,9.85,24.46,436.0,8.47,5.99,5.17,4.27,8.47,2.0,0.89,11.02,0825513e-cc5e-485b-828b-738f9e15acb2
-80.46121771,43.4535745,READING,N,23,Smithson,1920,Pod 2450232,43.453566,-80.461214,316,2021/04/08 13:45:00+00,14.3,975.2,56.7,64.5,78.4,225.04,4.99,1.05,10.41,24.35,428.0,9.35,6.17,5.6,4.68,9.35,2.0,0.98,15.4,298dc3fd-6f32-46f6-9868-1b52ae478578
-80.46121771,43.4535745,READING,N,24,Smithson,1920,Pod 2450232,43.453566,-80.461214,316,2021/04/08 14:00:00+00,15.0,974.9,55.7,65.3,74.9,224.07,3.67,1.21,10.5,25.54,444.0,15.48,7.08,6.37,5.2,15.52,2.0,1.14,14.17,a759948f-e38d-448c-9dd2-42ec6e081701
-80.50395272,43.4441815,READING,N,25,Victoria Park,1922,Pod 2450234,43.444173,-80.503949,294,2021/04/08 13:15:00+00,14.4,976.2,55.4,67.8,78.3,248.97,1.43,1.24,10.99,24.94,416.0,13.64,7.82,6.76,5.14,13.67,2.0,2.3,12.42,08246280-276a-449f-a374-94d89add0470
-80.50395272,43.4441815,READING,N,26,Victoria Park,1922,Pod 2450234,43.444173,-80.503949,294,2021/04/08 13:30:00+00,15.2,976.0,54.7,66.4,75.7,243.48,1.03,1.43,11.59,20.46,414.0,11.93,7.91,6.89,5.41,11.96,2.0,2.42,12.62,19adc010-c0d3-4087-9ba3-92c8194f2b11
-80.50395272,43.4441815,READING,N,27,Victoria Park,1922,Pod 2450234,43.444173,-80.503949,294,2021/04/08 13:45:00+00,16.0,975.4,53.4,68.2,76.6,251.07,1.39,1.33,10.74,25.93,412.0,11.06,8.01,7.23,5.66,11.06,2.0,2.56,12.13,a1bbd660-d92b-40bd-b278-ef5c1e471369
-80.50395272,43.4441815,READING,N,28,Victoria Park,1922,Pod 2450234,43.444173,-80.503949,294,2021/04/08 14:00:00+00,16.7,975.6,52.6,67.7,79.5,233.64,1.38,1.51,11.57,22.08,415.0,14.08,8.08,7.34,5.74,14.54,2.0,2.6,12.95,4bc83831-f7f5-4bb8-9367-7d80ce2f6090
-80.50396672,43.4401795,READING,N,29,J. F. Carmichael,1921,Pod 2450233,43.440171,-80.503963,298,2021/04/08 13:15:00+00,14.0,974.9,55.0,70.0,79.1,358.06,1.2,0.65,10.52,23.13,423.0,10.94,6.32,5.36,4.01,11.41,2.0,4.03,11.72,0a743bda-6df4-45bf-8356-49f4bdbbf45d
-80.50396672,43.4401795,READING,N,30,J. F. Carmichael,1921,Pod 2450233,43.440171,-80.503963,298,2021/04/08 13:30:00+00,14.8,974.6,53.9,70.4,82.0,333.41,1.49,0.72,11.17,25.26,423.0,9.73,7.32,6.11,4.63,9.73,2.0,4.72,12.66,53224d18-0129-4f4c-88bd-2f96a8ec6469
-80.50396672,43.4401795,READING,N,31,J. F. Carmichael,1921,Pod 2450233,43.440171,-80.503963,298,2021/04/08 13:45:00+00,15.4,974.9,53.0,69.3,78.0,332.12,0.91,0.83,11.38,23.0,420.0,11.25,7.52,6.39,4.89,11.25,2.0,4.94,12.29,1da24bbb-04e9-4cf0-90b9-407d97070a68
-80.50396672,43.4401795,READING,N,32,J. F. Carmichael,1921,Pod 2450233,43.440171,-80.503963,298,2021/04/08 14:00:00+00,16.2,975.0,52.1,69.9,82.5,327.32,3.08,0.77,11.47,25.9,418.0,10.62,7.66,6.62,5.05,10.62,2.0,5.07,14.55,6ef95ab6-25d6-4c67-8c17-ce4446abe579
-80.49204272,43.43330349,READING,N,33,St. Bernadette,1924,Pod 2450295,43.433295,-80.492039,297,2021/04/08 14:15:00+00,15.5,974.8,57.6,69.5,77.3,305.79,1.9,0.97,13.12,14.79,392.0,12.16,8.38,7.0,5.6,12.16,2.0,2.13,15.02,5cbd1b27-461d-4233-ace8-f8c2ae68e586
-80.49204272,43.43330349,READING,N,34,St. Bernadette,1924,Pod 2450295,43.433295,-80.492039,297,2021/04/08 14:30:00+00,16.2,975.0,56.8,71.5,80.8,310.2,5.16,1.26,13.49,16.1,391.0,11.89,8.14,6.86,5.46,11.89,2.0,2.09,18.65,29662816-e21d-4c03-bf0d-804177eb6106
-80.49204272,43.43330349,READING,N,35,St. Bernadette,1924,Pod 2450295,43.433295,-80.492039,297,2021/04/08 14:45:00+00,16.9,975.0,55.9,69.8,81.9,298.45,4.69,1.22,13.75,16.43,388.0,11.28,8.22,6.96,5.56,11.28,2.0,2.14,18.44,27951269-bba2-4cf7-b3ad-43b3f109e17e
-80.49204272,43.43330349,READING,N,36,St. Bernadette,1924,Pod 2450295,43.433295,-80.492039,297,2021/04/08 15:00:00+00,17.7,974.6,55.1,70.0,79.2,299.25,1.85,1.38,13.03,17.56,391.0,12.32,8.32,6.98,5.47,12.32,2.0,2.11,14.88,55bf7b6b-e9e5-447e-968c-f5aa324e8534
-80.48289672,43.4528475,READING,N,37,Suddaby,1923,Pod 2450293,43.452839,-80.482893,331,2021/04/08 13:15:00+00,12.6,973.4,61.9,73.8,82.7,338.86,0.95,1.02,10.07,18.78,429.0,8.82,4.64,3.27,1.89,8.82,2.0,0.52,11.02,631566ad-7879-4073-9334-e38399a722cc
-80.48289672,43.4528475,READING,N,38,Suddaby,1923,Pod 2450293,43.452839,-80.482893,331,2021/04/08 13:30:00+00,13.0,973.4,61.5,72.9,79.1,343.11,0.54,1.02,10.39,18.3,429.0,7.42,4.23,2.93,1.85,7.42,2.0,0.49,10.93,42ae82d1-484d-45fb-b483-b46504fbc4e3
-80.48289672,43.4528475,READING,N,39,Suddaby,1923,Pod 2450293,43.452839,-80.482893,331,2021/04/08 13:45:00+00,13.6,973.2,61.0,73.1,80.8,339.14,2.06,1.06,10.13,20.56,434.0,7.34,4.81,3.41,2.08,7.34,2.0,0.56,12.19,69082128-92cc-431b-b1a6-96fbb7cc561f
-80.48289672,43.4528475,READING,N,40,Suddaby,1923,Pod 2450293,43.452839,-80.482893,331,2021/04/08 14:00:00+00,14.2,973.8,60.0,73.5,81.4,339.94,1.19,0.97,10.21,18.97,430.0,9.38,5.07,3.61,2.21,9.38,2.0,0.61,11.4,d95605e7-4dfa-48b9-ab83-836c6435c1ab
-80.46121771,43.4535745,READING,N,41,Smithson,1920,Pod 2450232,43.453566,-80.461214,316,2021/04/08 14:15:00+00,15.7,974.6,54.7,65.8,80.5,209.15,6.51,1.29,10.83,23.9,444.0,12.41,6.97,6.64,5.87,12.41,2.0,1.24,17.34,1f357562-3f8a-4807-b6be-413eb482b3c9
-80.46121771,43.4535745,READING,N,42,Smithson,1920,Pod 2450232,43.453566,-80.461214,316,2021/04/08 14:30:00+00,16.4,974.7,53.8,63.9,72.8,207.16,5.28,1.37,11.19,23.22,445.0,12.02,7.59,6.84,6.03,12.02,2.0,1.28,16.47,36c77f78-29e3-4447-b5c8-524e46f9b640
-80.46121771,43.4535745,READING,N,43,Smithson,1920,Pod 2450232,43.453566,-80.461214,316,2021/04/08 14:45:00+00,17.1,974.8,53.0,64.8,73.9,205.21,4.01,1.47,11.24,21.41,443.0,14.27,7.8,7.09,6.18,14.31,2.0,1.32,15.25,aab0b3f8-ea85-42bd-8469-45a3dd048f07
-80.46121771,43.4535745,READING,N,44,Smithson,1920,Pod 2450232,43.453566,-80.461214,316,2021/04/08 15:00:00+00,17.8,974.6,52.5,63.1,72.3,200.81,5.52,1.68,11.83,18.07,448.0,18.61,8.46,7.38,6.09,19.26,2.0,1.33,17.35,064fdbbd-a050-4d77-bd30-8c6481a1c687
-80.50395272,43.4441815,READING,N,45,Victoria Park,1922,Pod 2450234,43.444173,-80.503949,294,2021/04/08 14:15:00+00,17.4,975.9,51.6,69.4,82.4,217.67,1.39,1.57,10.74,26.29,414.0,12.17,7.98,7.08,5.61,12.17,2.0,2.53,12.13,70b5a48a-413b-416d-80bb-7b0935777a58
-80.50395272,43.4441815,READING,N,46,Victoria Park,1922,Pod 2450234,43.444173,-80.503949,294,2021/04/08 14:30:00+00,18.1,975.7,50.9,68.8,86.2,214.82,1.27,1.7,11.26,24.4,417.0,14.76,8.03,7.01,5.47,15.22,2.0,2.49,12.53,3736b8b1-9bae-4275-ad3b-b26216b1b58f
-80.50395272,43.4441815,READING,N,47,Victoria Park,1922,Pod 2450234,43.444173,-80.503949,294,2021/04/08 14:45:00+00,18.7,975.7,50.3,69.9,81.5,208.88,1.25,1.8,10.83,25.25,417.0,15.57,7.91,6.88,5.35,16.06,2.0,2.41,12.08,c2922db2-d2c5-4753-a7f1-43e54300461f
-80.50395272,43.4441815,READING,N,48,Victoria Park,1922,Pod 2450234,43.444173,-80.503949,294,2021/04/08 15:00:00+00,19.5,975.8,49.4,70.2,81.6,204.72,1.23,1.68,10.18,29.9,417.0,11.71,8.26,7.23,5.56,11.71,2.0,2.48,11.41,f10c8d40-31b7-444d-8047-429da0ac3bea
-80.50396672,43.4401795,READING,N,49,J. F. Carmichael,1921,Pod 2450233,43.440171,-80.503963,298,2021/04/08 14:15:00+00,17.0,974.1,51.2,68.5,76.8,324.53,1.93,0.95,12.03,21.85,422.0,11.87,7.77,6.51,4.88,11.87,2.0,4.92,13.96,0ee66c22-e8b3-4211-aef1-1cf10e85df60
-80.50396672,43.4401795,READING,N,50,J. F. Carmichael,1921,Pod 2450233,43.440171,-80.503963,298,2021/04/08 14:30:00+00,17.9,974.4,50.3,70.3,87.4,316.56,0.92,0.93,11.64,24.75,421.0,13.12,7.39,6.09,4.52,13.16,2.0,4.56,12.56,eae9fdfe-2afe-4a1e-b13b-6b87a74ff55b
-80.50396672,43.4401795,READING,N,51,J. F. Carmichael,1921,Pod 2450233,43.440171,-80.503963,298,2021/04/08 14:45:00+00,18.7,974.0,49.1,69.7,78.6,309.61,,1.02,11.66,24.56,420.0,13.07,7.4,6.27,4.71,16.52,2.0,4.76,11.66,788e4279-ecd2-4698-b0e3-17147f61df73
-80.50396672,43.4401795,READING,N,52,J. F. Carmichael,1921,Pod 2450233,43.440171,-80.503963,298,2021/04/08 15:00:00+00,19.5,974.4,48.3,69.8,79.7,303.95,1.63,1.05,11.83,24.3,419.0,16.56,7.73,6.11,4.42,17.06,2.0,4.48,13.46,3f05192f-ccb9-4753-b5cf-cf6f63887770
-80.49204272,43.43330349,READING,N,53,St. Bernadette,1924,Pod 2450295,43.433295,-80.492039,297,2021/04/08 15:15:00+00,18.5,975.0,54.0,70.1,84.0,286.86,2.58,1.57,13.22,18.52,391.0,11.93,8.21,6.91,5.51,11.93,2.0,2.13,15.8,324f3b42-6526-4bb9-bd95-dcccad189378
-80.49204272,43.43330349,READING,N,54,St. Bernadette,1924,Pod 2450295,43.433295,-80.492039,297,2021/04/08 15:30:00+00,19.2,975.2,52.9,72.2,93.9,280.2,0.36,1.53,12.4,21.09,388.0,13.61,8.43,7.13,5.64,13.64,2.0,2.16,12.76,c7c3e7f9-b507-4263-8c55-b02b59eac436
-80.49204272,43.43330349,READING,N,55,St. Bernadette,1924,Pod 2450295,43.433295,-80.492039,297,2021/04/08 15:45:00+00,19.8,974.6,52.2,72.2,91.3,302.16,1.96,1.82,12.27,21.33,389.0,14.03,8.56,7.14,5.61,23.64,2.0,2.19,14.23,7bbd7770-dc09-46b2-a527-87bf1003798f
-80.49204272,43.43330349,READING,N,56,St. Bernadette,1924,Pod 2450295,43.433295,-80.492039,297,2021/04/08 16:00:00+00,20.3,974.6,51.7,74.3,88.9,278.99,1.0,1.91,12.19,22.03,390.0,12.19,9.0,7.55,5.85,12.19,2.0,2.33,13.19,69ee0340-fc36-4bb6-bbe6-d5e5c77ddfbb
-80.48289672,43.4528475,READING,N,57,Suddaby,1923,Pod 2450293,43.452839,-80.482893,331,2021/04/08 14:15:00+00,14.9,973.3,59.1,73.3,82.3,337.54,1.25,0.89,10.81,17.04,435.0,7.53,5.01,3.61,2.27,7.53,2.0,0.62,12.06,ef7b8949-2387-4e10-a842-66061bb58467
-80.48289672,43.4528475,READING,N,58,Suddaby,1923,Pod 2450293,43.452839,-80.482893,331,2021/04/08 14:30:00+00,15.6,973.2,57.9,72.8,90.4,327.58,0.71,0.82,10.61,20.88,432.0,9.66,5.09,3.67,2.3,9.66,2.0,0.66,11.32,1b5f7788-45f2-4dcd-80c4-7f59cd3dd69f
-80.48289672,43.4528475,READING,N,59,Suddaby,1923,Pod 2450293,43.452839,-80.482893,331,2021/04/08 14:45:00+00,16.3,973.2,57.2,72.6,80.6,327.74,1.19,0.89,10.59,19.66,429.0,9.35,5.17,3.79,2.44,9.35,2.0,0.69,11.78,bf2877f9-6624-47e2-867d-2b28ccb0e74f
-80.48289672,43.4528475,READING,N,60,Suddaby,1923,Pod 2450293,43.452839,-80.482893,331,2021/04/08 15:00:00+00,17.1,973.0,56.5,73.1,78.6,324.58,1.23,0.85,10.02,18.03,431.0,8.07,5.02,3.6,2.28,8.07,2.0,0.64,11.25,2f98f719-dec7-4173-8751-3e9180c2d679
-80.46121771,43.4535745,READING,N,61,Smithson,1920,Pod 2450232,43.453566,-80.461214,316,2021/04/08 15:15:00+00,18.7,974.4,51.4,64.5,80.0,186.97,2.8,1.48,10.68,22.62,439.0,14.11,8.11,7.03,5.93,14.15,2.0,1.25,13.48,4a8559b8-a8e5-4c81-996f-c8848d2d901e
-80.46121771,43.4535745,READING,N,62,Smithson,1920,Pod 2450232,43.453566,-80.461214,316,2021/04/08 15:30:00+00,19.4,974.5,50.6,67.4,86.7,177.57,4.76,1.42,10.29,27.93,445.0,13.21,7.87,7.0,5.82,13.21,2.0,1.26,15.05,93465d4b-1147-4a52-bfd4-ddcf5594163f
-80.46121771,43.4535745,READING,N,63,Smithson,1920,Pod 2450232,43.453566,-80.461214,316,2021/04/08 15:45:00+00,20.0,974.5,50.0,67.3,76.4,174.08,3.48,1.7,10.39,26.02,447.0,14.94,7.49,6.63,5.58,14.98,2.0,1.2,13.87,9df12399-d6c4-44dd-a722-7e4b972b95b8
-80.46121771,43.4535745,READING,N,64,Smithson,1920,Pod 2450232,43.453566,-80.461214,316,2021/04/08 16:00:00+00,20.6,974.5,49.3,64.9,90.5,170.87,3.09,1.58,10.07,27.89,447.0,16.23,7.63,6.68,5.66,18.35,2.0,1.21,13.16,e720132d-2f3d-4477-893e-f5dc6f299c5f
-80.50395272,43.4441815,READING,N,65,Victoria Park,1922,Pod 2450234,43.444173,-80.503949,294,2021/04/08 15:15:00+00,20.2,974.9,48.3,71.6,82.3,194.28,1.14,1.84,10.17,31.0,414.0,12.02,7.84,6.99,5.47,12.02,3.0,2.45,11.31,bec28107-30ff-4dd0-9d30-340f8e7c15c1
-80.50395272,43.4441815,READING,N,66,Victoria Park,1922,Pod 2450234,43.444173,-80.503949,294,2021/04/08 15:30:00+00,20.7,975.1,47.7,72.1,84.0,192.45,1.18,1.96,10.11,30.37,423.0,15.12,8.77,7.62,5.8,15.15,3.0,2.65,11.29,3e08391d-1505-4af3-94d2-3781748b349c
-80.50395272,43.4441815,READING,N,67,Victoria Park,1922,Pod 2450234,43.444173,-80.503949,294,2021/04/08 15:45:00+00,21.3,976.0,47.0,71.0,85.7,193.62,1.05,1.7,9.75,33.0,410.0,14.99,8.52,7.44,5.77,16.58,3.0,2.61,10.8,ead50d82-1e80-437a-94b5-825a09889ed2
-80.50395272,43.4441815,READING,N,68,Victoria Park,1922,Pod 2450234,43.444173,-80.503949,294,2021/04/08 16:00:00+00,21.9,975.5,46.4,71.6,86.7,190.56,0.99,1.73,9.04,34.83,415.0,15.04,8.81,7.54,5.77,15.07,3.0,2.61,10.03,98eab4e3-6e8a-47a6-94c4-0471d520e1a9
-80.50396672,43.4401795,READING,N,69,J. F. Carmichael,1921,Pod 2450233,43.440171,-80.503963,298,2021/04/08 15:15:00+00,20.4,974.1,46.8,71.5,86.6,296.67,0.59,0.9,11.28,29.49,417.0,12.65,7.86,6.4,4.76,12.65,2.0,4.8,11.87,bbc8bb1f-7f59-43ca-8d44-8538a268e2cf
-80.50396672,43.4401795,READING,N,70,J. F. Carmichael,1921,Pod 2450233,43.440171,-80.503963,298,2021/04/08 15:30:00+00,21.1,973.7,45.7,72.7,91.4,291.73,2.19,0.87,10.92,34.21,419.0,14.33,8.24,6.78,5.01,14.36,3.0,5.1,13.11,a324e852-d7d0-44de-b5ed-471e82eed613
-80.50396672,43.4401795,READING,N,71,J. F. Carmichael,1921,Pod 2450233,43.440171,-80.503963,298,2021/04/08 15:45:00+00,21.5,974.3,45.2,72.1,86.6,292.53,2.35,1.06,11.23,33.0,419.0,15.14,8.66,6.83,5.03,15.17,3.0,5.09,13.58,100f580c-1bcf-4af7-b132-dc74dc8c0b79
-80.50396672,43.4401795,READING,N,72,J. F. Carmichael,1921,Pod 2450233,43.440171,-80.503963,298,2021/04/08 16:00:00+00,22.1,974.3,44.6,71.1,79.5,297.96,1.32,0.95,11.45,32.31,420.0,13.5,8.35,6.79,5.04,13.5,3.0,5.12,12.77,15e1e6f1-f67b-4089-bcad-a168b6fcc52b
-80.49204272,43.43330349,READING,N,73,St. Bernadette,1924,Pod 2450295,43.433295,-80.492039,297,2021/04/08 16:15:00+00,21.0,974.1,51.2,72.0,83.1,270.91,0.66,1.91,12.21,21.24,390.0,12.04,9.25,7.62,6.01,12.04,2.0,2.4,12.87,2186e9d5-2286-49e0-8b4c-3a513d7f55f6
-80.49204272,43.43330349,READING,N,74,St. Bernadette,1924,Pod 2450295,43.433295,-80.492039,297,2021/04/08 16:30:00+00,21.6,974.2,50.4,73.7,92.3,266.23,0.66,2.16,11.64,26.28,392.0,12.12,8.92,7.64,6.19,12.12,2.0,2.49,12.3,b39b2d63-7c9b-4415-a859-c5476ba33143
-80.49204272,43.43330349,READING,N,75,St. Bernadette,1924,Pod 2450295,43.433295,-80.492039,297,2021/04/08 16:45:00+00,22.2,974.5,49.6,75.4,88.5,260.95,0.67,2.16,11.33,25.93,389.0,15.16,9.72,8.03,6.4,15.18,2.0,2.66,12.0,b946acb2-384a-477d-af38-47fad47f38d6
-80.49204272,43.43330349,READING,N,76,St. Bernadette,1924,Pod 2450295,43.433295,-80.492039,297,2021/04/08 17:00:00+00,22.7,974.4,48.8,74.0,87.2,257.59,0.53,2.36,11.7,25.82,390.0,15.71,9.59,8.18,6.55,16.15,2.0,2.72,12.23,0680bd9b-1a50-4a4a-b481-ea9df1a0c790
-80.48289672,43.4528475,READING,N,77,Suddaby,1923,Pod 2450293,43.452839,-80.482893,331,2021/04/08 15:15:00+00,18.0,972.7,55.4,74.2,81.1,317.73,1.23,0.97,10.41,20.15,431.0,11.53,5.07,3.63,2.24,11.53,2.0,0.64,11.64,9001d626-746d-4f3e-a01a-f0bcd085a7d8
-80.48289672,43.4528475,READING,N,78,Suddaby,1923,Pod 2450293,43.452839,-80.482893,331,2021/04/08 15:30:00+00,18.8,972.5,54.3,74.3,81.9,311.93,1.19,0.63,9.67,22.45,430.0,10.41,5.19,3.61,2.34,10.41,2.0,0.66,10.86,1ab3f204-5aa7-4f9b-9f26-c5cd02195501
-80.48289672,43.4528475,READING,N,79,Suddaby,1923,Pod 2450293,43.452839,-80.482893,331,2021/04/08 15:45:00+00,19.5,972.5,53.6,74.3,81.9,307.03,1.16,0.61,9.45,24.05,430.0,9.5,5.01,3.73,2.41,9.5,2.0,0.69,10.61,94e971ef-e5e3-4d27-9ac3-a55a566cd332
-80.48289672,43.4528475,READING,N,80,Suddaby,1923,Pod 2450293,43.452839,-80.482893,331,2021/04/08 16:00:00+00,20.2,972.9,53.1,75.0,87.5,305.48,1.01,0.72,9.59,22.44,431.0,10.55,5.56,3.94,2.52,10.55,2.0,0.72,10.6,229cb673-47b8-45d7-a6e1-49236ce1d840
-80.46121771,43.4535745,READING,N,81,Smithson,1920,Pod 2450232,43.453566,-80.461214,316,2021/04/08 16:15:00+00,21.2,974.1,48.7,67.4,85.6,163.63,1.43,1.68,9.84,27.29,446.0,12.65,7.85,6.94,5.7,12.65,2.0,1.23,11.27,1d880101-2acd-44ad-aeab-cd53ddd3cee2
-80.46121771,43.4535745,READING,N,82,Smithson,1920,Pod 2450232,43.453566,-80.461214,316,2021/04/08 16:30:00+00,21.8,974.1,47.8,67.0,87.6,159.25,0.14,1.79,10.26,29.85,446.0,12.81,7.37,6.72,5.7,13.42,2.0,1.2,10.4,e52e831a-679d-434e-bbd8-161a8756f316
-80.46121771,43.4535745,READING,N,83,Smithson,1920,Pod 2450232,43.453566,-80.461214,316,2021/04/08 16:45:00+00,22.3,973.7,47.1,66.8,81.9,154.93,0.57,1.55,9.29,37.62,452.0,13.71,7.95,7.11,6.07,13.71,3.0,1.32,9.86,b0967620-5447-4c6f-a01d-40d9057b284a
-80.46121771,43.4535745,READING,N,84,Smithson,1920,Pod 2450232,43.453566,-80.461214,316,2021/04/08 17:00:00+00,22.8,973.6,46.5,68.2,86.4,153.17,1.38,1.7,9.29,39.3,445.0,13.45,8.31,7.41,6.38,13.45,3.0,1.37,10.67,d4d91b57-b70e-4fa2-b9aa-482164d1c2d6
-80.50395272,43.4441815,READING,N,85,Victoria Park,1922,Pod 2450234,43.444173,-80.503949,294,2021/04/08 16:15:00+00,22.5,974.4,45.6,72.2,86.4,180.13,0.94,1.88,9.03,35.9,412.0,15.06,8.72,7.61,5.88,15.09,3.0,2.68,9.97,2d4aae73-c8d5-4dc4-8291-e3f605884c8f
-80.50395272,43.4441815,READING,N,86,Victoria Park,1922,Pod 2450234,43.444173,-80.503949,294,2021/04/08 16:30:00+00,23.0,974.9,44.8,72.0,82.5,177.63,0.83,2.13,9.97,37.09,421.0,15.31,9.25,8.04,6.21,15.34,3.0,2.84,10.8,fee23e36-2936-42d5-94ab-aa2fb0308cbe
-80.50395272,43.4441815,READING,N,87,Victoria Park,1922,Pod 2450234,43.444173,-80.503949,294,2021/04/08 16:45:00+00,23.6,974.5,44.4,70.4,83.3,178.6,0.92,2.14,9.74,39.72,427.0,15.78,9.01,7.96,6.32,16.28,3.0,2.85,10.66,4a41e7ed-8525-44c4-bb12-52a6e2d5ccb0
-80.50395272,43.4441815,READING,N,88,Victoria Park,1922,Pod 2450234,43.444173,-80.503949,294,2021/04/08 17:00:00+00,24.2,974.0,43.7,73.2,85.1,166.43,0.69,2.47,9.49,39.86,423.0,15.42,9.6,8.48,6.71,15.46,3.0,3.06,10.18,1de7abcf-24b3-491c-9e58-cb6937d29610
-80.50396672,43.4401795,READING,N,89,J. F. Carmichael,1921,Pod 2450233,43.440171,-80.503963,298,2021/04/08 16:15:00+00,22.8,973.4,43.9,73.0,87.5,288.59,2.25,0.95,10.43,37.33,419.0,16.18,9.18,7.38,5.4,16.22,3.0,5.52,12.68,afb08cb7-249c-4546-9882-7162d7f67e0e
-80.50396672,43.4401795,READING,N,90,J. F. Carmichael,1921,Pod 2450233,43.440171,-80.503963,298,2021/04/08 16:30:00+00,23.4,974.0,43.2,72.6,84.6,287.03,1.06,1.03,10.59,37.45,427.0,16.19,8.97,7.3,5.4,16.66,3.0,5.51,11.65,b6b55e8a-e415-4174-bb43-7daaa23c0f25
-80.50396672,43.4401795,READING,N,91,J. F. Carmichael,1921,Pod 2450233,43.440171,-80.503963,298,2021/04/08 16:45:00+00,24.0,974.2,42.4,71.9,84.4,278.97,,1.11,10.23,40.59,423.0,14.36,8.65,7.11,5.25,14.39,3.0,5.34,10.23,bd3f6d70-079b-4cd6-be8e-040f628eb5ac
-80.50396672,43.4401795,READING,N,92,J. F. Carmichael,1921,Pod 2450233,43.440171,-80.503963,298,2021/04/08 17:00:00+00,24.7,973.1,41.9,71.9,87.4,279.72,0.21,1.06,10.14,43.72,420.0,17.73,8.92,7.33,5.49,18.24,3.0,5.58,10.35,7e3aa742-9c33-457f-8e4a-9fd761afb7ce
-80.49204272,43.43330349,READING,N,93,St. Bernadette,1924,Pod 2450295,43.433295,-80.492039,297,2021/04/08 17:15:00+00,23.3,974.0,48.2,73.5,90.0,251.11,0.45,2.51,11.91,26.66,388.0,13.88,9.39,8.17,6.71,13.91,2.0,2.8,12.36,42af28d5-eef1-42be-9a38-33c1859fb638
-80.49204272,43.43330349,READING,N,94,St. Bernadette,1924,Pod 2450295,43.433295,-80.492039,297,2021/04/08 17:30:00+00,23.9,974.2,47.6,75.7,85.9,251.45,0.49,2.36,11.75,33.8,387.0,14.03,10.2,8.88,7.38,14.03,3.0,3.17,12.24,cc3d3d36-0fe3-4646-a6fc-d9e2abeb16ee
-80.49204272,43.43330349,READING,N,95,St. Bernadette,1924,Pod 2450295,43.433295,-80.492039,297,2021/04/08 17:45:00+00,24.3,973.7,47.2,78.0,93.5,245.11,0.43,2.42,11.0,35.41,388.0,15.37,10.08,8.69,7.12,15.4,3.0,3.05,11.43,a33ec02e-6d12-45a3-a830-a7ff6fd3f2a7
-80.49204272,43.43330349,READING,N,96,St. Bernadette,1924,Pod 2450295,43.433295,-80.492039,297,2021/04/08 18:00:00+00,24.7,973.4,46.7,74.9,88.3,249.38,0.34,2.64,11.89,33.01,388.0,15.9,9.49,8.39,6.91,15.93,3.0,2.94,12.23,6e6be56b-1099-4d2d-8979-4d696a5856e5
-80.48289672,43.4528475,READING,N,97,Suddaby,1923,Pod 2450293,43.452839,-80.482893,331,2021/04/08 16:15:00+00,20.9,972.5,52.2,75.7,83.4,304.29,0.95,0.39,8.23,27.07,431.0,10.63,5.74,4.0,2.47,10.63,2.0,0.71,9.18,7dd5d436-6d29-43df-8251-46f1bbf03cbe
-80.48289672,43.4528475,READING,N,98,Suddaby,1923,Pod 2450293,43.452839,-80.482893,331,2021/04/08 16:30:00+00,21.4,972.1,51.5,74.7,84.2,298.84,1.02,0.46,8.39,25.52,427.0,9.36,5.39,3.93,2.49,9.36,2.0,0.7,9.41,7d931646-ffbd-4a84-b9e7-86d85d7bbc7c
-80.48289672,43.4528475,READING,N,99,Suddaby,1923,Pod 2450293,43.452839,-80.482893,331,2021/04/08 16:45:00+00,22.1,972.7,50.8,74.7,85.6,300.29,0.89,0.2,7.69,30.24,428.0,9.39,5.42,3.98,2.66,9.39,2.0,0.76,8.58,343c53e4-fb47-40c1-9d38-1f9479358d01
-80.48289672,43.4528475,READING,N,100,Suddaby,1923,Pod 2450293,43.452839,-80.482893,331,2021/04/08 17:00:00+00,22.7,972.0,49.9,74.7,82.5,296.27,0.84,0.24,7.66,31.54,427.0,9.37,5.81,4.15,2.7,9.37,2.0,0.77,8.5,acf724f2-fde9-43ee-92da-1a9d79af3805
-80.46121771,43.4535745,READING,N,101,Smithson,1920,Pod 2450232,43.453566,-80.461214,316,2021/04/08 17:15:00+00,23.3,973.4,45.9,67.6,86.4,148.34,0.58,1.59,8.75,39.88,455.0,15.72,7.73,7.36,6.42,15.77,3.0,1.37,9.33,b8d08b61-ff2b-496d-8c9d-d0f34544fe95
-80.46121771,43.4535745,READING,N,102,Smithson,1920,Pod 2450232,43.453566,-80.461214,316,2021/04/08 17:30:00+00,23.7,973.8,45.5,72.6,81.1,255.85,0.55,2.16,9.32,41.93,447.0,23.1,9.42,8.33,6.7,25.83,3.0,1.49,9.87,bb4a41b6-0ce9-4087-ba4b-4adf24f8a147
-80.46121771,43.4535745,READING,N,103,Smithson,1920,Pod 2450232,43.453566,-80.461214,316,2021/04/08 17:45:00+00,24.3,972.8,45.0,71.0,84.8,275.68,0.61,2.3,9.26,41.74,459.0,27.68,10.81,9.32,7.3,48.94,3.0,1.66,9.87,539e1f95-4d19-487e-bd74-6f1f2ce9454a
-80.46121771,43.4535745,READING,N,104,Smithson,1920,Pod 2450232,43.453566,-80.461214,316,2021/04/08 18:00:00+00,24.8,972.7,44.2,69.2,86.6,146.61,0.75,2.06,8.63,46.25,446.0,21.53,8.99,8.09,6.75,26.62,3.0,1.5,9.38,b56bd790-64b2-4d5d-95c4-fc645f4a0f6b
-80.50395272,43.4441815,READING,N,105,Victoria Park,1922,Pod 2450234,43.444173,-80.503949,294,2021/04/08 17:15:00+00,24.7,973.5,42.9,71.7,86.1,159.42,0.63,2.37,8.54,46.2,419.0,14.41,9.62,8.45,6.62,14.41,3.0,3.01,9.17,6ac651d0-c096-403e-a637-5cd48235dc63
-80.50395272,43.4441815,READING,N,106,Victoria Park,1922,Pod 2450234,43.444173,-80.503949,294,2021/04/08 17:30:00+00,25.1,973.3,42.4,74.5,90.6,158.95,0.71,2.38,8.57,48.99,433.0,14.05,9.22,8.38,6.61,14.05,3.0,3.01,9.28,6b8a2500-85e5-4071-bdff-8aa3df05c750
-80.50395272,43.4441815,READING,N,107,Victoria Park,1922,Pod 2450234,43.444173,-80.503949,294,2021/04/08 17:45:00+00,25.4,973.3,42.1,75.5,98.4,158.41,0.64,2.58,9.36,47.64,423.0,15.25,9.17,8.34,6.77,15.28,3.0,3.06,10.0,25383d1f-5b24-47fd-96d8-9fe1edeae639
-80.50395272,43.4441815,READING,N,108,Victoria Park,1922,Pod 2450234,43.444173,-80.503949,294,2021/04/08 18:00:00+00,25.6,973.3,41.6,73.6,88.8,153.16,0.41,2.98,10.13,47.6,418.0,16.25,9.96,8.72,6.89,27.05,3.0,3.16,10.54,5a58f9fc-41c8-4746-97b9-743517e512bd
-80.50396672,43.4401795,READING,N,109,J. F. Carmichael,1921,Pod 2450233,43.440171,-80.503963,298,2021/04/08 17:15:00+00,25.3,973.2,41.2,72.2,92.7,270.33,1.3,1.23,11.03,48.25,418.0,16.35,9.59,7.97,5.99,16.38,3.0,6.14,12.33,ec6d487d-c529-43a4-b227-6234049b14a0
-80.50396672,43.4401795,READING,N,110,J. F. Carmichael,1921,Pod 2450233,43.440171,-80.503963,298,2021/04/08 17:30:00+00,25.9,972.7,40.7,73.4,86.5,273.46,2.06,1.4,10.99,46.08,419.0,14.43,9.07,7.56,5.76,14.43,3.0,5.87,13.05,b11cdf9e-e5e7-43d8-a617-8e329a00c243
-80.50396672,43.4401795,READING,N,111,J. F. Carmichael,1921,Pod 2450233,43.440171,-80.503963,298,2021/04/08 17:45:00+00,26.4,972.1,39.7,74.2,90.2,265.45,1.83,1.28,10.18,50.75,419.0,13.75,9.33,7.69,5.86,13.78,3.0,6.0,12.01,ce74db15-c369-480b-b0c5-2645f2892afb
-80.50396672,43.4401795,READING,N,112,J. F. Carmichael,1921,Pod 2450233,43.440171,-80.503963,298,2021/04/08 18:00:00+00,26.7,971.6,39.2,74.4,94.2,258.24,4.29,1.38,10.27,55.92,411.0,16.61,9.06,7.65,5.85,17.12,3.0,5.97,14.56,3f39fdf7-45c8-48c7-8db3-3c826d0adb22
-80.49204272,43.43330349,READING,N,113,St. Bernadette,1924,Pod 2450295,43.433295,-80.492039,297,2021/04/08 18:15:00+00,25.1,972.8,45.9,77.0,94.1,240.83,0.39,2.78,10.58,36.74,386.0,13.6,9.59,8.29,6.93,13.6,3.0,2.92,10.97,cff1cf27-126e-4dc8-b62c-6baca5777884
-80.49204272,43.43330349,READING,N,114,St. Bernadette,1924,Pod 2450295,43.433295,-80.492039,297,2021/04/08 18:30:00+00,25.3,972.7,45.3,81.1,94.6,235.99,0.44,2.77,11.06,38.45,383.0,15.51,9.81,8.64,7.32,15.54,3.0,3.1,11.5,6ddfc68b-b755-47dd-8834-002019a0c15a
-80.49204272,43.43330349,READING,N,115,St. Bernadette,1924,Pod 2450295,43.433295,-80.492039,297,2021/04/08 18:45:00+00,25.3,972.7,45.3,81.2,100.0,242.72,0.21,2.7,10.53,38.84,383.0,15.87,10.02,8.8,7.37,17.32,3.0,3.15,10.74,e3ae2dc3-1b77-48b8-9b4a-da3c5582688e
-80.49204272,43.43330349,READING,N,116,St. Bernadette,1924,Pod 2450295,43.433295,-80.492039,297,2021/04/08 19:00:00+00,25.2,972.6,45.1,79.3,92.9,241.31,0.19,2.56,10.29,42.75,383.0,13.13,10.35,9.21,7.77,13.13,3.0,3.41,10.48,c62360e3-6d2c-4c24-9750-ac1fb71845f3
-80.48289672,43.4528475,READING,N,117,Suddaby,1923,Pod 2450293,43.452839,-80.482893,331,2021/04/08 17:15:00+00,23.2,971.3,49.3,74.4,86.5,294.84,0.74,0.07,7.2,32.94,426.0,10.58,5.59,4.08,2.65,10.58,2.0,0.78,7.94,2a147d4f-b774-4b56-af74-6d091a5b534e
-80.48289672,43.4528475,READING,N,118,Suddaby,1923,Pod 2450293,43.452839,-80.482893,331,2021/04/08 17:30:00+00,23.8,972.3,48.5,75.7,87.2,294.28,0.76,0.2,7.74,33.36,428.0,10.47,6.07,4.35,2.64,10.47,2.0,0.78,8.5,7d9f0646-1f85-4385-a1bd-431e9ef22cb1
-80.48289672,43.4528475,READING,N,119,Suddaby,1923,Pod 2450293,43.452839,-80.482893,331,2021/04/08 17:45:00+00,24.2,971.9,47.9,75.2,85.3,292.95,0.64,0.08,7.37,33.52,431.0,13.8,6.3,4.38,2.76,13.8,2.0,0.82,8.01,e758fecd-a21c-4523-83d2-04be5c1b1e7c
-80.48289672,43.4528475,READING,N,120,Suddaby,1923,Pod 2450293,43.452839,-80.482893,331,2021/04/08 18:00:00+00,24.7,971.5,47.5,74.8,93.7,289.41,0.42,0.32,7.96,32.84,433.0,11.19,5.89,4.3,2.74,11.19,2.0,0.81,8.38,5476a6f2-5999-42ba-9043-c63499b9282b
-80.46121771,43.4535745,READING,N,121,Smithson,1920,Pod 2450232,43.453566,-80.461214,316,2021/04/08 18:15:00+00,25.2,972.0,43.4,71.6,86.9,140.05,0.46,1.89,8.57,48.95,451.0,14.42,9.62,8.45,7.22,14.42,3.0,1.56,9.03,282f52c3-82de-4274-818a-a8b92cfa760e
-80.46121771,43.4535745,READING,N,122,Smithson,1920,Pod 2450232,43.453566,-80.461214,316,2021/04/08 18:30:00+00,25.4,972.2,43.0,77.5,93.6,138.9,0.51,2.0,9.19,49.12,455.0,17.39,10.21,8.86,7.44,31.51,3.0,1.63,9.7,c016025c-14f6-4a05-910d-5bdd3520da69
-80.46121771,43.4535745,READING,N,123,Smithson,1920,Pod 2450232,43.453566,-80.461214,316,2021/04/08 18:45:00+00,25.4,972.3,42.6,71.6,89.4,140.94,0.56,1.94,8.67,50.31,447.0,14.09,8.35,7.8,6.94,14.09,3.0,1.47,9.23,17c15d8d-4f42-4733-908e-11ac5cad3298
-80.46121771,43.4535745,READING,N,124,Smithson,1920,Pod 2450232,43.453566,-80.461214,316,2021/04/08 19:00:00+00,25.4,972.4,42.5,66.5,92.1,140.87,0.52,2.07,8.88,52.8,446.0,15.04,8.59,7.65,6.79,15.08,3.0,1.45,9.4,6d04bd7e-ca99-4579-bb6c-3b38e3280ba0
-80.50395272,43.4441815,READING,N,125,Victoria Park,1922,Pod 2450234,43.444173,-80.503949,294,2021/04/08 18:15:00+00,25.8,973.2,41.1,74.2,90.3,147.77,0.51,2.76,8.22,53.49,416.0,17.68,9.87,8.9,7.22,18.18,3.0,3.29,8.73,ead82ce1-5aff-4b7a-850b-bc3f20fde820
-80.50395272,43.4441815,READING,N,126,Victoria Park,1922,Pod 2450234,43.444173,-80.503949,294,2021/04/08 18:30:00+00,25.8,973.0,41.0,73.7,90.4,158.06,0.41,2.49,7.49,54.54,425.0,15.76,9.91,8.9,7.05,15.79,3.0,3.23,7.9,2b53f208-6385-476e-9971-63f5f094b16e
-80.50395272,43.4441815,READING,N,127,Victoria Park,1922,Pod 2450234,43.444173,-80.503949,294,2021/04/08 18:45:00+00,25.8,972.5,41.0,71.2,88.3,163.81,0.38,2.89,9.8,50.74,418.0,14.56,9.93,8.87,7.07,14.56,3.0,3.2,10.18,244829dc-af5e-4b50-8e5c-dbc3438db66f
-80.50395272,43.4441815,READING,N,128,Victoria Park,1922,Pod 2450234,43.444173,-80.503949,294,2021/04/08 19:00:00+00,26.0,972.6,40.4,75.1,84.6,164.44,0.43,2.59,9.1,52.83,429.0,17.99,9.9,8.77,6.97,18.49,4.0,3.18,9.53,70485dd0-a642-4c6d-a6cc-b986de6fad02
-80.50396672,43.4401795,READING,N,321,J. F. Carmichael,1921,Pod 2450233,43.440171,-80.503963,298,2021/04/08 18:15:00+00,26.9,971.9,38.7,76.6,101.0,261.69,2.75,1.23,10.01,58.04,416.0,17.1,9.56,8.1,6.24,17.61,3.0,6.35,12.76,5bc67665-02a1-4f75-a6ca-e53e1487c595
-80.50396672,43.4401795,READING,N,322,J. F. Carmichael,1921,Pod 2450233,43.440171,-80.503963,298,2021/04/08 18:30:00+00,26.9,971.7,38.4,76.9,91.9,266.81,0.56,1.18,9.67,63.26,422.0,15.0,9.47,8.28,6.48,15.03,4.0,6.62,10.23,e24b67f3-d03e-4cc4-b816-4ca4466285ba
-80.50396672,43.4401795,READING,N,323,J. F. Carmichael,1921,Pod 2450233,43.440171,-80.503963,298,2021/04/08 18:45:00+00,26.6,971.4,38.5,74.6,92.5,280.22,1.77,0.98,9.06,59.78,415.0,13.38,9.44,8.18,6.34,13.38,4.0,6.43,10.83,6acb7963-5ff6-48f8-95f6-303b81afe682
-80.50396672,43.4401795,READING,N,324,J. F. Carmichael,1921,Pod 2450233,43.440171,-80.503963,298,2021/04/08 19:00:00+00,26.6,971.2,38.4,76.2,91.7,276.14,0.49,1.06,9.67,64.24,416.0,14.41,9.73,8.4,6.47,14.41,4.0,6.6,10.16,930d37f1-09fc-48bb-84f6-1c01f35e0351
-80.49204272,43.43330349,READING,N,325,St. Bernadette,1924,Pod 2450295,43.433295,-80.492039,297,2021/04/08 19:15:00+00,25.1,972.5,45.0,80.5,91.5,244.33,0.11,2.63,10.3,42.01,384.0,13.67,10.14,9.07,7.69,13.67,3.0,3.33,10.41,683ab4d4-9831-421a-b093-19ebb26a22dd
-80.49204272,43.43330349,READING,N,326,St. Bernadette,1924,Pod 2450295,43.433295,-80.492039,297,2021/04/08 19:30:00+00,25.1,972.3,45.0,79.3,92.9,250.77,0.17,2.67,11.01,40.01,385.0,14.09,10.19,9.12,7.7,14.09,3.0,3.34,11.18,04c9540a-a1d2-4589-be46-cc62570c4281
-80.49204272,43.43330349,READING,N,327,St. Bernadette,1924,Pod 2450295,43.433295,-80.492039,297,2021/04/08 19:45:00+00,25.2,972.4,44.7,81.7,96.6,254.35,0.19,2.48,10.31,46.09,385.0,12.85,10.41,9.1,7.72,12.85,3.0,3.35,10.5,d4b3ce11-e70e-4c1a-8255-7a24e080ceb1
-80.49204272,43.43330349,READING,N,328,St. Bernadette,1924,Pod 2450295,43.433295,-80.492039,297,2021/04/08 20:00:00+00,25.2,972.5,44.5,77.5,92.3,252.47,0.04,2.56,10.92,44.9,385.0,15.62,10.35,9.1,7.68,26.63,3.0,3.36,10.96,d1da1ab6-dccd-45e7-9dc3-ebd76b96eb23
-80.48289672,43.4528475,READING,N,329,Suddaby,1923,Pod 2450293,43.452839,-80.482893,331,2021/04/08 18:15:00+00,25.3,970.6,46.7,76.1,88.9,290.41,0.6,0.09,6.53,39.4,429.0,11.77,5.94,4.5,2.91,11.77,2.0,0.86,7.13,124d2bab-ed1d-469d-9a55-1c236e53febc
-80.48289672,43.4528475,READING,N,330,Suddaby,1923,Pod 2450293,43.452839,-80.482893,331,2021/04/08 18:30:00+00,25.6,970.9,46.0,76.2,84.9,283.24,0.6,,6.07,39.57,425.0,12.17,6.44,4.72,2.98,12.17,2.0,0.89,6.67,c5b26307-3d61-4de3-b355-6ae0ec70f09c
-80.48289672,43.4528475,READING,N,331,Suddaby,1923,Pod 2450293,43.452839,-80.482893,331,2021/04/08 18:45:00+00,25.5,970.5,45.6,75.2,87.3,284.88,0.36,0.15,7.21,37.33,424.0,11.0,5.87,4.53,2.97,11.0,2.0,0.88,7.57,4dc531f3-980c-4ee2-961c-8b3cac7f7d1e
-80.48289672,43.4528475,READING,N,332,Suddaby,1923,Pod 2450293,43.452839,-80.482893,331,2021/04/08 19:00:00+00,25.4,970.5,45.3,76.5,88.6,293.26,0.43,0.04,6.41,41.11,427.0,11.39,6.15,4.55,2.9,11.39,3.0,0.86,6.84,326390ba-6012-4a82-850f-6833057ee66b
-80.46121771,43.4535745,READING,N,333,Smithson,1920,Pod 2450232,43.453566,-80.461214,316,2021/04/08 19:15:00+00,25.6,972.0,42.1,71.4,93.5,141.96,0.35,2.03,8.35,51.45,451.0,13.05,8.28,7.65,6.78,13.05,3.0,1.44,8.7,73bd69bd-eec2-487f-82a2-a77cd38b7479
-80.46121771,43.4535745,READING,N,334,Smithson,1920,Pod 2450232,43.453566,-80.461214,316,2021/04/08 19:30:00+00,25.8,971.5,41.6,70.6,91.9,140.04,0.5,1.99,8.64,53.27,453.0,14.12,8.71,7.87,6.88,14.12,3.0,1.48,9.14,4213b2e9-00af-4196-b148-0176594e3eb1
-80.46121771,43.4535745,READING,N,335,Smithson,1920,Pod 2450232,43.453566,-80.461214,316,2021/04/08 19:45:00+00,25.8,971.3,41.5,70.0,87.5,146.08,0.3,2.1,9.22,54.84,442.0,16.87,8.94,8.14,6.92,17.48,4.0,1.5,9.52,cc30e256-5d77-4ef2-9031-1e910daab953
-80.46121771,43.4535745,READING,N,336,Smithson,1920,Pod 2450232,43.453566,-80.461214,316,2021/04/08 20:00:00+00,25.7,971.0,41.1,71.8,91.8,141.55,0.39,2.03,8.48,55.51,450.0,20.65,9.84,8.31,6.91,25.13,4.0,1.52,8.87,aaa7ec49-4cf8-4d4b-9ee6-3c15f4d164b7
-80.50395272,43.4441815,READING,N,337,Victoria Park,1922,Pod 2450234,43.444173,-80.503949,294,2021/04/08 19:15:00+00,26.1,972.7,40.2,74.9,87.3,161.69,0.38,3.02,9.09,54.25,424.0,17.89,9.77,8.8,7.03,18.38,4.0,3.18,9.47,fae99096-9604-4161-b346-6d93d843e6a7
-80.50395272,43.4441815,READING,N,338,Victoria Park,1922,Pod 2450234,43.444173,-80.503949,294,2021/04/08 19:30:00+00,26.0,972.5,39.8,76.6,98.2,164.46,0.32,2.53,7.68,59.44,426.0,17.6,9.89,9.04,7.22,18.09,4.0,3.26,8.0,a8fb9b77-3273-4424-81e5-355383521cc6
-80.50395272,43.4441815,READING,N,339,Victoria Park,1922,Pod 2450234,43.444173,-80.503949,294,2021/04/08 19:45:00+00,25.6,971.8,40.0,75.0,91.7,170.33,0.24,2.31,7.73,63.41,409.0,18.12,10.15,9.01,7.13,18.62,4.0,3.24,7.97,ae6905cc-d296-4cb0-92bc-c7755f04b3fd
-80.50395272,43.4441815,READING,N,340,Victoria Park,1922,Pod 2450234,43.444173,-80.503949,294,2021/04/08 20:00:00+00,25.3,972.1,40.1,76.9,92.1,175.34,0.06,2.31,7.86,62.99,423.0,16.68,10.34,9.02,7.1,16.68,4.0,3.26,7.92,1cdaf8f2-cd88-4bd3-9a5d-1a42ab47cecd
-80.50396672,43.4401795,READING,N,341,J. F. Carmichael,1921,Pod 2450233,43.440171,-80.503963,298,2021/04/08 19:15:00+00,26.6,971.2,38.2,76.2,92.4,283.86,1.16,0.95,9.51,61.66,415.0,13.39,9.5,8.21,6.33,13.39,4.0,6.44,10.67,5886aa98-2762-4078-8f3b-8e721ccf7804
-80.50396672,43.4401795,READING,N,342,J. F. Carmichael,1921,Pod 2450233,43.440171,-80.503963,298,2021/04/08 19:30:00+00,26.8,971.2,38.1,74.7,89.7,296.42,0.59,1.36,10.42,60.95,415.0,16.2,9.99,8.4,6.35,16.24,4.0,6.47,11.01,3ef6d9e1-fbe3-4cb5-886a-55cc4b04704f
-80.50396672,43.4401795,READING,N,343,J. F. Carmichael,1921,Pod 2450233,43.440171,-80.503963,298,2021/04/08 19:45:00+00,27.0,970.9,37.8,73.5,93.2,279.3,0.5,1.39,10.17,62.91,416.0,14.7,9.74,8.05,6.01,14.7,4.0,6.16,10.67,ad4d5a00-8aac-4538-8ead-c1e61df1b665
-80.50396672,43.4401795,READING,N,344,J. F. Carmichael,1921,Pod 2450233,43.440171,-80.503963,298,2021/04/08 20:00:00+00,27.0,970.8,37.3,75.1,93.2,273.69,0.61,1.28,9.88,66.28,422.0,14.07,9.65,8.13,6.22,14.07,4.0,6.36,10.49,b812bab3-78fc-496c-a1fc-3dc5ec523b77
-80.49204272,43.43330349,READING,N,345,St. Bernadette,1924,Pod 2450295,43.433295,-80.492039,297,2021/04/08 20:15:00+00,25.2,972.2,44.2,79.0,96.9,251.43,0.15,2.67,10.53,43.55,384.0,15.51,10.72,9.33,7.84,15.54,3.0,3.44,10.68,80e1d543-948d-4a21-9d74-94988cd3c9f0
-80.49204272,43.43330349,READING,N,346,St. Bernadette,1924,Pod 2450295,43.433295,-80.492039,297,2021/04/08 20:30:00+00,25.0,972.1,44.3,75.5,90.6,254.45,0.11,2.63,10.5,45.14,385.0,15.06,10.14,9.14,7.78,16.48,3.0,3.42,10.61,fee79768-6c90-4702-b995-1885656ac54e
-80.49204272,43.43330349,READING,N,347,St. Bernadette,1924,Pod 2450295,43.433295,-80.492039,297,2021/04/08 20:45:00+00,24.9,971.9,44.2,79.6,100.1,251.0,,2.65,9.92,50.24,385.0,15.83,10.78,9.56,7.96,15.86,3.0,3.59,9.92,48295577-72c2-4739-b441-67e52db35b3a
-80.49204272,43.43330349,READING,N,348,St. Bernadette,1924,Pod 2450295,43.433295,-80.492039,297,2021/04/08 21:00:00+00,24.5,971.2,44.2,79.8,93.9,255.3,0.02,2.38,9.3,51.99,384.0,17.17,10.79,9.33,8.0,17.62,4.0,3.55,9.32,3621c090-1a88-47da-b742-76b5c7230ef4
-80.48289672,43.4528475,READING,N,349,Suddaby,1923,Pod 2450293,43.452839,-80.482893,331,2021/04/08 19:15:00+00,25.4,970.2,45.3,77.0,88.4,295.9,0.54,0.13,6.82,42.46,425.0,10.94,6.23,4.63,2.95,10.94,3.0,0.87,7.36,df6e778e-b124-4a68-a6ba-cbf0c0d53501
-80.48289672,43.4528475,READING,N,350,Suddaby,1923,Pod 2450293,43.452839,-80.482893,331,2021/04/08 19:30:00+00,25.4,970.5,45.0,76.6,86.4,291.91,0.35,,5.66,46.37,425.0,10.57,6.16,4.57,2.94,10.57,3.0,0.87,6.01,fb36c826-dd8f-45c0-8be0-3df00d47c3ce
-80.48289672,43.4528475,READING,N,351,Suddaby,1923,Pod 2450293,43.452839,-80.482893,331,2021/04/08 19:45:00+00,25.3,970.0,44.8,77.3,86.9,297.78,0.34,0.08,6.27,45.21,422.0,9.77,5.8,4.25,2.82,9.77,3.0,0.82,6.61,6ffb9caf-fb21-4e6c-aa96-99e199df351c
-80.48289672,43.4528475,READING,N,352,Suddaby,1923,Pod 2450293,43.452839,-80.482893,331,2021/04/08 20:00:00+00,25.2,969.8,44.9,77.3,88.1,297.27,0.37,0.17,6.36,45.22,425.0,12.23,6.99,5.16,3.12,12.23,3.0,0.93,6.73,2f07c321-bb33-4975-bec1-55d9aec4455d
-80.46121771,43.4535745,READING,N,353,Smithson,1920,Pod 2450232,43.453566,-80.461214,316,2021/04/08 21:15:00+00,24.7,970.8,41.2,70.0,92.5,166.74,0.27,1.55,8.18,61.6,450.0,22.25,10.74,9.96,8.61,36.98,4.0,1.88,8.45,19f8f74e-ecd7-4ba0-954c-2031e475033f
-80.46121771,43.4535745,READING,N,354,Smithson,1920,Pod 2450232,43.453566,-80.461214,316,2021/04/08 21:30:00+00,24.5,970.8,40.8,73.5,85.1,167.88,0.23,1.23,6.86,67.19,452.0,24.6,12.71,11.3,9.64,39.32,4.0,2.14,7.09,70b2a180-0d6f-43d8-86ab-3bed9c9ab391
-80.46121771,43.4535745,READING,N,355,Smithson,1920,Pod 2450232,43.453566,-80.461214,316,2021/04/08 21:45:00+00,23.8,971.1,41.5,73.0,87.4,182.84,0.06,1.27,8.43,63.76,445.0,23.16,12.37,11.62,10.05,25.85,4.0,2.18,8.49,9dbfe127-daab-47ee-9a40-9155c99da73e
-80.46121771,43.4535745,READING,N,356,Smithson,1920,Pod 2450232,43.453566,-80.461214,316,2021/04/08 22:00:00+00,23.3,970.8,42.0,72.8,88.1,183.05,,0.98,7.02,65.46,458.0,19.53,12.39,11.74,10.39,19.57,4.0,2.24,7.02,5772907b-3296-4579-b757-cbf4ea29044c
-80.50395272,43.4441815,READING,N,357,Victoria Park,1922,Pod 2450234,43.444173,-80.503949,294,2021/04/08 20:15:00+00,25.0,972.1,40.3,74.9,88.9,182.67,0.06,1.94,7.43,63.43,417.0,19.34,10.31,9.14,7.27,19.84,4.0,3.35,7.49,7ee02982-2865-4e53-811a-fdf0ca88c8dc
-80.50395272,43.4441815,READING,N,358,Victoria Park,1922,Pod 2450234,43.444173,-80.503949,294,2021/04/08 20:30:00+00,24.8,971.5,40.4,74.1,91.0,185.92,0.13,1.92,7.52,66.71,425.0,16.05,10.14,9.13,7.42,16.08,4.0,3.35,7.65,42dc893d-fe7b-4e6e-88ec-4c8070ea44a7
-80.50395272,43.4441815,READING,N,359,Victoria Park,1922,Pod 2450234,43.444173,-80.503949,294,2021/04/08 20:45:00+00,24.5,972.0,40.5,74.4,90.9,194.1,0.15,2.06,7.71,61.11,421.0,19.67,10.67,9.38,7.43,20.16,4.0,3.42,7.86,0e22d4f1-5ef2-435f-bb39-69cda92e278e
-80.50395272,43.4441815,READING,N,360,Victoria Park,1922,Pod 2450234,43.444173,-80.503949,294,2021/04/08 21:00:00+00,24.1,972.0,40.5,73.3,96.7,203.65,0.02,1.43,6.96,67.61,426.0,22.29,11.47,10.31,8.26,35.14,4.0,3.8,6.98,2f05fa5e-190d-43fa-8ebe-626e7328a08d
-80.50396672,43.4401795,READING,N,361,J. F. Carmichael,1921,Pod 2450233,43.440171,-80.503963,298,2021/04/08 20:15:00+00,26.9,970.8,37.3,74.9,92.1,280.04,0.48,1.27,10.24,67.27,415.0,16.7,9.66,8.1,6.06,18.35,4.0,6.21,10.72,86cb4791-f4ed-430c-afe9-d4c0c6f32077
-80.50396672,43.4401795,READING,N,362,J. F. Carmichael,1921,Pod 2450233,43.440171,-80.503963,298,2021/04/08 20:30:00+00,26.8,970.8,37.5,72.9,87.5,282.56,0.48,1.39,10.42,62.58,417.0,15.78,9.52,8.0,6.05,15.81,4.0,6.19,10.9,9651d93f-8a3b-41df-a8ac-a05bb1c85442
-80.50396672,43.4401795,READING,N,363,J. F. Carmichael,1921,Pod 2450233,43.440171,-80.503963,298,2021/04/08 20:45:00+00,26.7,970.8,37.1,76.2,94.5,278.41,0.45,1.12,9.19,67.43,422.0,17.36,9.49,8.1,6.25,28.33,4.0,6.41,9.64,3c9bd822-3340-456d-a4e4-599a1ef2077f
-80.50396672,43.4401795,READING,N,364,J. F. Carmichael,1921,Pod 2450233,43.440171,-80.503963,298,2021/04/08 21:00:00+00,26.4,970.4,37.1,73.0,87.0,290.22,0.43,1.19,9.93,65.98,425.0,19.46,10.02,8.23,6.27,19.97,5.0,6.44,10.36,5b806da4-5df6-49fa-87ee-f463adefc952
-80.50396672,43.4401795,READING,N,365,J. F. Carmichael,1921,Pod 2450233,43.440171,-80.503963,298,2021/04/08 21:15:00+00,26.1,970.1,37.1,73.3,92.3,298.67,0.36,1.2,9.88,66.44,421.0,21.27,10.41,8.68,6.59,25.23,5.0,6.72,10.24,1baa370b-cec7-454c-937c-38f6c7953166
-80.50396672,43.4401795,READING,N,366,J. F. Carmichael,1921,Pod 2450233,43.440171,-80.503963,298,2021/04/08 21:30:00+00,25.6,970.5,37.2,75.4,92.2,295.86,0.32,0.86,9.26,71.27,419.0,22.22,11.27,9.5,7.11,24.35,5.0,7.26,9.58,d38b2b02-f19d-4834-84bd-200da3e2a68e
-80.50396672,43.4401795,READING,N,367,J. F. Carmichael,1921,Pod 2450233,43.440171,-80.503963,298,2021/04/08 21:45:00+00,25.1,970.4,37.8,73.3,89.7,312.13,0.14,0.79,9.64,68.08,420.0,23.76,12.58,10.47,7.69,25.88,5.0,7.83,9.78,f1eb544c-8520-4eb0-8b1a-90e5f3f231f6
-80.50396672,43.4401795,READING,N,368,J. F. Carmichael,1921,Pod 2450233,43.440171,-80.503963,298,2021/04/08 22:00:00+00,24.6,970.7,38.2,73.3,89.1,314.23,0.24,0.43,7.95,71.33,421.0,23.7,13.47,11.25,8.19,35.15,5.0,8.31,8.19,b9f22322-dac6-4a2a-93db-0e8337ffb73d
-80.49204272,43.43330349,READING,N,369,St. Bernadette,1924,Pod 2450295,43.433295,-80.492039,297,2021/04/08 21:15:00+00,24.3,970.8,44.5,77.0,95.1,262.77,,2.63,10.44,45.52,387.0,15.12,10.74,9.38,8.04,15.12,4.0,3.58,10.44,86fac62b-da5a-48e7-b136-747b2b39e87f
-80.49204272,43.43330349,READING,N,370,St. Bernadette,1924,Pod 2450295,43.433295,-80.492039,297,2021/04/08 21:30:00+00,24.1,971.3,44.7,78.4,93.2,269.56,,2.45,10.27,47.41,388.0,17.77,10.67,9.41,7.92,18.21,4.0,3.54,10.27,fc3c1a2e-3ce1-4e41-bddc-58cfb3f9fc71
-80.49204272,43.43330349,READING,N,371,St. Bernadette,1924,Pod 2450295,43.433295,-80.492039,297,2021/04/08 21:45:00+00,23.9,971.6,44.5,75.4,91.7,269.3,,2.19,10.04,51.22,386.0,18.12,11.12,9.86,8.24,18.56,4.0,3.69,10.04,9e5eae14-9f64-47cd-b2e2-d197663adaad
-80.49204272,43.43330349,READING,N,372,St. Bernadette,1924,Pod 2450295,43.433295,-80.492039,297,2021/04/08 22:00:00+00,23.4,971.5,44.6,79.2,99.1,271.54,0.06,2.19,9.22,52.91,388.0,17.83,12.07,10.82,9.31,17.86,4.0,4.25,9.28,140332b0-c125-42af-9f1c-2b19e75b2dd5
-80.48289672,43.4528475,READING,N,373,Suddaby,1923,Pod 2450293,43.452839,-80.482893,331,2021/04/08 20:15:00+00,24.9,969.6,44.7,78.4,87.7,308.41,0.24,0.04,5.94,50.66,426.0,13.83,6.72,4.87,2.98,13.83,3.0,0.9,6.18,372a2430-3752-4356-9ff9-67e8aae02195
-80.48289672,43.4528475,READING,N,374,Suddaby,1923,Pod 2450293,43.452839,-80.482893,331,2021/04/08 20:30:00+00,24.6,969.8,44.8,77.9,87.0,305.53,0.37,,5.53,50.7,422.0,11.35,6.36,4.63,2.84,11.35,3.0,0.86,5.9,f77909ba-faf1-47db-b69a-4614f9434da2
-80.48289672,43.4528475,READING,N,375,Suddaby,1923,Pod 2450293,43.452839,-80.482893,331,2021/04/08 20:45:00+00,24.4,970.3,45.1,76.9,90.1,304.88,0.27,0.34,7.54,47.69,425.0,13.27,7.45,5.31,3.15,13.27,3.0,0.96,7.81,475aa818-b600-4525-b452-557f905b91e8
-80.48289672,43.4528475,READING,N,376,Suddaby,1923,Pod 2450293,43.452839,-80.482893,331,2021/04/08 21:00:00+00,24.2,970.1,45.0,77.6,87.7,310.88,0.35,,6.4,54.47,429.0,14.38,6.36,4.72,3.09,14.38,3.0,0.92,6.75,55946a47-2da7-49e7-af2d-4a6f19ad3e56
-80.48289672,43.4528475,READING,N,377,Suddaby,1923,Pod 2450293,43.452839,-80.482893,331,2021/04/08 21:15:00+00,24.0,969.9,45.2,76.7,86.0,312.81,0.32,0.13,7.11,50.96,424.0,12.85,6.86,5.01,3.21,12.85,3.0,0.98,7.43,d4fbe658-b320-43c0-99e6-7995538bfb8f
-80.48289672,43.4528475,READING,N,378,Suddaby,1923,Pod 2450293,43.452839,-80.482893,331,2021/04/08 21:30:00+00,23.6,969.8,45.3,76.6,88.2,315.91,0.23,0.19,6.67,55.34,427.0,11.86,6.72,5.31,3.6,11.86,3.0,1.08,6.9,175f11bd-8f17-4dc0-ac84-38ff4ed86907
-80.48289672,43.4528475,READING,N,379,Suddaby,1923,Pod 2450293,43.452839,-80.482893,331,2021/04/08 21:45:00+00,23.1,970.0,45.8,75.6,88.3,323.51,0.2,0.27,7.29,53.35,427.0,14.71,6.69,5.16,3.57,14.71,3.0,1.08,7.49,71e72a27-5c29-4465-997f-13422d9ae509
-80.48289672,43.4528475,READING,N,380,Suddaby,1923,Pod 2450293,43.452839,-80.482893,331,2021/04/08 22:00:00+00,22.8,969.7,46.3,75.0,83.7,325.97,0.28,0.3,6.89,53.8,427.0,13.58,7.0,5.2,3.52,13.58,3.0,1.06,7.17,4e922150-ce8b-4b2d-933d-c2ad8d7117a7
-80.46121771,43.4535745,READING,N,381,Smithson,1920,Pod 2450232,43.453566,-80.461214,316,2021/04/08 22:15:00+00,22.8,971.1,42.3,72.2,89.2,189.05,0.08,0.76,7.52,70.49,449.0,19.79,12.35,11.72,10.71,20.4,4.0,2.28,7.6,48d67675-fc41-4e11-8c16-bef6178d5d6e
-80.46121771,43.4535745,READING,N,382,Smithson,1920,Pod 2450232,43.453566,-80.461214,316,2021/04/08 22:30:00+00,22.4,971.2,43.3,64.2,83.4,199.41,0.03,1.07,8.73,60.84,447.0,18.76,11.77,11.12,9.83,18.8,4.0,2.11,8.76,cbe84630-1beb-4004-93ee-d1944aaf01fc
-80.46121771,43.4535745,READING,N,383,Smithson,1920,Pod 2450232,43.453566,-80.461214,316,2021/04/08 22:45:00+00,22.3,971.2,43.6,68.0,87.6,196.39,0.1,0.8,6.53,65.47,450.0,24.13,12.24,11.88,10.75,24.78,4.0,2.3,6.63,1b14a67a-5d0d-4171-8a2b-63f9b6abfb8e
-80.46121771,43.4535745,READING,N,384,Smithson,1920,Pod 2450232,43.453566,-80.461214,316,2021/04/08 23:00:00+00,22.0,970.6,43.7,69.3,87.4,204.86,0.05,0.72,7.24,64.56,450.0,22.14,12.51,12.21,11.28,24.83,4.0,2.38,7.29,38cf3a72-c2c1-4f79-adfb-487c63d3ae41
-80.48289672,43.4528475,READING,N,385,Suddaby,1923,Pod 2450293,43.452839,-80.482893,331,2021/04/08 22:15:00+00,22.4,968.9,46.4,76.8,91.5,320.82,0.29,,5.98,58.99,424.0,11.61,6.61,5.27,3.6,11.61,3.0,1.09,6.27,fb72aeea-4f0e-4840-a155-4acce5308e81
-80.48289672,43.4528475,READING,N,386,Suddaby,1923,Pod 2450293,43.452839,-80.482893,331,2021/04/08 22:30:00+00,21.8,969.0,47.3,75.1,83.4,333.27,0.43,0.23,7.67,52.87,428.0,11.88,6.88,5.33,3.51,11.88,3.0,1.08,8.1,3169110a-0899-45cc-b904-2fdf3f945215
-80.48289672,43.4528475,READING,N,387,Suddaby,1923,Pod 2450293,43.452839,-80.482893,331,2021/04/08 22:45:00+00,21.6,969.1,48.0,75.4,89.7,335.32,0.36,0.17,6.97,58.64,422.0,10.92,6.2,5.07,3.55,10.92,4.0,1.06,7.33,de3c6018-83b8-46d1-ad07-bda729c68410
-80.48289672,43.4528475,READING,N,388,Suddaby,1923,Pod 2450293,43.452839,-80.482893,331,2021/04/08 23:00:00+00,21.3,969.0,48.2,74.7,88.9,330.4,0.42,0.03,6.88,60.48,425.0,13.06,7.22,5.45,3.67,13.06,4.0,1.12,7.3,162aacc9-9cf1-4409-97b8-85ae4f0ea6ee
-80.50395272,43.4441815,READING,N,389,Victoria Park,1922,Pod 2450234,43.444173,-80.503949,294,2021/04/08 21:15:00+00,23.7,971.6,41.0,73.5,90.9,209.26,0.05,1.66,8.42,62.7,418.0,22.37,12.86,11.57,9.07,24.46,4.0,4.17,8.47,3997fcf6-c729-4e57-9470-f1a263d73e47
-80.50395272,43.4441815,READING,N,390,Victoria Park,1922,Pod 2450234,43.444173,-80.503949,294,2021/04/08 21:30:00+00,23.2,971.7,41.3,75.6,90.3,209.43,0.06,1.42,8.15,67.03,424.0,22.58,13.86,12.49,9.85,23.07,4.0,4.5,8.21,96c704fc-5e25-43cd-9150-2b0450242d93
-80.50395272,43.4441815,READING,N,391,Victoria Park,1922,Pod 2450234,43.444173,-80.503949,294,2021/04/08 21:45:00+00,22.6,971.6,41.9,75.9,94.6,218.99,0.08,1.03,7.27,68.69,414.0,23.02,14.44,13.19,10.21,23.51,4.0,4.74,7.35,338407ba-695d-4bcc-9c60-083882864413
-80.50395272,43.4441815,READING,N,392,Victoria Park,1922,Pod 2450234,43.444173,-80.503949,294,2021/04/08 22:00:00+00,22.0,972.2,42.6,77.4,95.1,230.88,0.14,0.81,6.75,69.39,414.0,21.37,14.06,13.09,10.55,21.87,4.0,4.79,6.89,495273e9-548c-4720-aac3-6aa8520bf753
-80.49204272,43.43330349,READING,N,393,St. Bernadette,1924,Pod 2450295,43.433295,-80.492039,297,2021/04/08 22:15:00+00,22.9,971.6,45.4,77.8,96.4,281.52,0.08,2.09,9.99,51.05,389.0,19.19,12.65,11.52,9.71,29.22,4.0,4.44,10.07,01442bdc-4c88-4af2-aa66-6def0458b5b6
-80.49204272,43.43330349,READING,N,394,St. Bernadette,1924,Pod 2450295,43.433295,-80.492039,297,2021/04/08 22:30:00+00,22.5,971.1,46.0,72.6,84.7,287.2,0.05,1.75,9.93,48.48,389.0,17.49,12.09,11.01,9.32,17.52,4.0,4.19,9.98,6efa9028-34cc-4bdf-9fa3-99802f687ff7
-80.49204272,43.43330349,READING,N,395,St. Bernadette,1924,Pod 2450295,43.433295,-80.492039,297,2021/04/08 22:45:00+00,22.1,971.1,46.5,75.7,91.5,293.44,0.08,1.77,9.8,48.59,388.0,20.52,12.66,11.6,10.01,20.96,4.0,4.58,9.88,76884f75-8f78-471d-81e5-16b23ed4f160
-80.49204272,43.43330349,READING,N,396,St. Bernadette,1924,Pod 2450295,43.433295,-80.492039,297,2021/04/08 23:00:00+00,21.9,971.4,46.7,78.2,94.4,289.63,,1.67,9.22,53.1,385.0,20.52,13.55,12.56,10.88,30.55,4.0,5.02,9.22,a31b37e1-511a-4d34-974a-1f415d7810cf
-80.46121771,43.4535745,READING,N,397,Smithson,1920,Pod 2450232,43.453566,-80.461214,316,2021/04/08 23:15:00+00,21.6,970.6,44.2,72.0,88.8,208.71,0.13,0.27,5.39,74.89,454.0,22.69,13.22,12.79,11.67,23.29,5.0,2.49,5.52,f239f6eb-94d3-473b-99a2-37368fe5fe4f
-80.46121771,43.4535745,READING,N,398,Smithson,1920,Pod 2450232,43.453566,-80.461214,316,2021/04/08 23:30:00+00,21.2,970.3,44.7,68.3,88.7,213.91,0.21,0.51,7.59,67.99,447.0,21.48,13.46,12.73,11.29,21.53,5.0,2.43,7.8,bf662bba-e2b9-43dc-b3df-336005354e0f
-80.46121771,43.4535745,READING,N,399,Smithson,1920,Pod 2450232,43.453566,-80.461214,316,2021/04/08 23:45:00+00,20.8,970.4,45.3,68.1,83.1,212.4,0.11,0.37,7.25,69.93,442.0,25.72,12.64,12.04,10.59,42.53,5.0,2.3,7.36,27b5fcf3-eb12-4f81-8139-07c95cee7205
-80.46121771,43.4535745,READING,N,400,Smithson,1920,Pod 2450232,43.453566,-80.461214,316,2021/04/09 00:00:00+00,20.5,970.5,45.6,69.8,90.6,214.35,0.36,0.24,7.23,68.3,440.0,22.36,12.05,11.25,9.77,24.49,5.0,2.14,7.59,305130f5-3b46-4aba-aa65-f555e2a5fd46
-80.50395272,43.4441815,READING,N,401,Victoria Park,1922,Pod 2450234,43.444173,-80.503949,294,2021/04/08 22:15:00+00,21.7,971.5,43.2,73.3,88.5,227.64,0.05,0.89,7.33,66.1,417.0,20.3,15.29,14.39,11.52,20.3,5.0,5.25,7.38,d654d8e4-6f57-443a-b495-944a7a0ca03b
-80.50395272,43.4441815,READING,N,402,Victoria Park,1922,Pod 2450234,43.444173,-80.503949,294,2021/04/08 22:30:00+00,21.4,971.4,43.8,71.9,86.3,232.8,0.21,0.77,7.35,64.66,417.0,22.29,14.39,13.72,11.11,22.79,5.0,5.04,7.56,e319c432-0899-4df4-b15f-7a77626958a0
-80.50395272,43.4441815,READING,N,403,Victoria Park,1922,Pod 2450234,43.444173,-80.503949,294,2021/04/08 22:45:00+00,21.2,971.4,44.2,73.1,87.5,235.82,0.27,0.74,7.4,66.06,421.0,23.39,15.48,14.47,11.43,35.78,5.0,5.25,7.67,8b7a4e16-97f7-4129-8b5d-64da4f46cee3
-80.50395272,43.4441815,READING,N,404,Victoria Park,1922,Pod 2450234,43.444173,-80.503949,294,2021/04/08 23:00:00+00,20.9,971.9,44.4,71.6,85.4,235.05,0.37,0.68,7.06,65.42,416.0,19.0,14.83,13.88,11.05,19.0,5.0,5.06,7.43,2a3ea3d5-dc4a-40d3-86c3-f861a3175434
-80.50396672,43.4401795,READING,N,405,J. F. Carmichael,1921,Pod 2450233,43.440171,-80.503963,298,2021/04/08 22:15:00+00,23.9,970.4,38.7,74.1,91.0,315.42,0.15,0.24,7.78,72.43,422.0,21.07,13.19,11.31,8.54,22.72,5.0,8.54,7.93,3904a816-9338-40e4-8be6-bc3b6424dce2
-80.50396672,43.4401795,READING,N,406,J. F. Carmichael,1921,Pod 2450233,43.440171,-80.503963,298,2021/04/08 22:30:00+00,23.3,970.6,39.4,74.7,96.0,320.06,0.09,0.01,7.51,72.72,421.0,23.34,14.13,12.17,9.17,23.84,5.0,9.15,7.6,fdcbeb7f-919d-4388-9c36-8032e53a3ce9
-80.50396672,43.4401795,READING,N,407,J. F. Carmichael,1921,Pod 2450233,43.440171,-80.503963,298,2021/04/08 22:45:00+00,22.9,970.8,40.1,72.4,90.5,320.96,0.18,0.01,7.76,70.95,424.0,20.71,14.42,12.54,9.51,20.74,5.0,9.5,7.94,2a56b612-d872-473a-b2a4-0a07666d693f
-80.50396672,43.4401795,READING,N,408,J. F. Carmichael,1921,Pod 2450233,43.440171,-80.503963,298,2021/04/08 23:00:00+00,22.4,971.3,40.7,73.7,94.6,327.44,0.11,0.11,8.92,68.32,422.0,23.55,14.68,12.71,9.56,24.06,5.0,9.57,9.03,743f3f0f-8277-4ba6-8ca9-a869d7ddc281
-80.49204272,43.43330349,READING,N,409,St. Bernadette,1924,Pod 2450295,43.433295,-80.492039,297,2021/04/08 23:15:00+00,21.6,971.1,47.2,76.1,96.3,292.71,0.16,1.52,8.97,55.8,385.0,18.08,13.98,13.65,12.29,18.11,4.0,6.06,9.13,145e3a60-baa3-49fe-a5b3-e2f357720e81
-80.49204272,43.43330349,READING,N,410,St. Bernadette,1924,Pod 2450295,43.433295,-80.492039,297,2021/04/08 23:30:00+00,21.3,970.8,47.9,75.5,92.1,300.33,0.09,1.49,9.95,51.93,391.0,17.62,14.48,13.97,12.57,17.62,4.0,6.49,10.04,7a7b779b-588e-46ff-bb14-622fd1f45d77
-80.49204272,43.43330349,READING,N,411,St. Bernadette,1924,Pod 2450295,43.433295,-80.492039,297,2021/04/08 23:45:00+00,21.0,970.8,48.3,72.8,89.6,298.22,0.17,1.26,10.12,50.49,389.0,18.6,13.8,12.95,11.14,28.22,4.0,5.16,10.29,92b4d8a5-08fd-480a-8a43-ac5c9616df3c
-80.49204272,43.43330349,READING,N,412,St. Bernadette,1924,Pod 2450295,43.433295,-80.492039,297,2021/04/09 00:00:00+00,20.8,970.5,48.7,74.1,86.8,303.28,0.16,1.24,10.14,47.85,387.0,16.83,12.7,11.61,9.91,17.24,4.0,4.5,10.3,331f3985-d6a6-4bd4-9fca-f8a2d1302fca
-80.48289672,43.4528475,READING,N,413,Suddaby,1923,Pod 2450293,43.452839,-80.482893,331,2021/04/08 23:15:00+00,20.9,969.6,48.8,75.3,94.7,336.23,0.43,0.01,6.93,61.58,424.0,12.02,7.01,5.49,3.76,12.02,4.0,1.13,7.36,aa4d1c0d-46a1-45d2-a334-6598f1d753ed
-80.48289672,43.4528475,READING,N,414,Suddaby,1923,Pod 2450293,43.452839,-80.482893,331,2021/04/08 23:30:00+00,20.6,969.2,49.3,73.7,89.3,338.13,0.54,0.11,7.36,61.48,426.0,15.52,7.08,5.5,3.75,15.52,4.0,1.14,7.9,9c4e6995-8513-4f99-83ef-62dc98b2b089
-80.48289672,43.4528475,READING,N,415,Suddaby,1923,Pod 2450293,43.452839,-80.482893,331,2021/04/08 23:45:00+00,20.3,968.6,49.8,74.8,87.1,339.93,0.59,0.1,7.87,59.4,425.0,13.09,7.34,5.59,3.78,13.09,4.0,1.14,8.46,6fae20ed-9dd6-457b-b585-1954302211c9
-80.48289672,43.4528475,READING,N,416,Suddaby,1923,Pod 2450293,43.452839,-80.482893,331,2021/04/09 00:00:00+00,20.0,968.5,50.2,74.4,86.6,341.38,0.52,,7.28,60.37,425.0,13.78,7.2,5.47,3.77,13.78,4.0,1.16,7.8,c7994964-41f8-411d-9a70-d4c10f1e3615
-80.46121771,43.4535745,READING,N,417,Smithson,1920,Pod 2450232,43.453566,-80.461214,316,2021/04/09 00:15:00+00,20.2,970.6,45.8,67.2,85.1,210.23,0.15,0.35,7.73,68.48,445.0,24.43,12.62,11.24,9.62,25.08,5.0,2.13,7.88,864d2f14-e429-4ac4-9127-8e607b98d7c2
-80.46121771,43.4535745,READING,N,418,Smithson,1920,Pod 2450232,43.453566,-80.461214,316,2021/04/09 00:30:00+00,19.9,970.7,46.0,68.5,87.6,207.0,0.3,0.12,7.45,66.18,448.0,20.37,11.82,10.66,9.1,20.41,5.0,2.02,7.75,117541d8-659b-4144-acea-4ceccbf6eda7
-80.46121771,43.4535745,READING,N,419,Smithson,1920,Pod 2450232,43.453566,-80.461214,316,2021/04/09 00:45:00+00,19.7,970.1,46.2,74.1,94.4,213.58,0.28,0.14,7.34,66.69,445.0,24.67,11.37,10.81,9.68,41.48,5.0,2.1,7.62,09299e11-a41b-4e15-a0f3-b3947e7b688b
-80.46121771,43.4535745,READING,N,420,Smithson,1920,Pod 2450232,43.453566,-80.461214,316,2021/04/09 01:00:00+00,19.5,970.3,46.6,67.9,91.5,216.79,0.13,0.27,7.73,66.31,448.0,21.62,11.28,10.35,9.0,21.66,5.0,1.96,7.86,2baaf745-da41-409d-b7d0-159a06927fd3
-80.50395272,43.4441815,READING,N,421,Victoria Park,1922,Pod 2450234,43.444173,-80.503949,294,2021/04/08 23:15:00+00,20.7,972.0,44.8,73.1,88.1,243.49,0.34,0.57,7.84,66.21,423.0,19.98,14.33,13.4,10.64,21.57,5.0,4.9,8.18,01e1aba9-3fe5-4e80-828f-abb7aa9843df
-80.50395272,43.4441815,READING,N,422,Victoria Park,1922,Pod 2450234,43.444173,-80.503949,294,2021/04/08 23:30:00+00,20.5,971.9,45.2,68.8,86.5,236.17,0.35,0.6,8.06,63.98,423.0,18.37,12.93,12.01,9.69,19.97,5.0,4.47,8.41,71bc9836-4eeb-4db3-a73d-374171ce39f4
-80.50395272,43.4441815,READING,N,423,Victoria Park,1922,Pod 2450234,43.444173,-80.503949,294,2021/04/08 23:45:00+00,20.2,971.8,45.4,72.2,91.7,240.5,0.48,0.53,7.61,66.52,419.0,20.88,13.03,11.87,9.45,21.38,5.0,4.4,8.09,8c4c9dd3-10f0-4d46-96c9-56e1b339aebb
-80.50395272,43.4441815,READING,N,424,Victoria Park,1922,Pod 2450234,43.444173,-80.503949,294,2021/04/09 00:00:00+00,20.0,971.8,45.6,73.2,90.7,243.49,0.43,0.46,7.07,66.31,420.0,21.8,13.45,11.83,9.29,23.42,5.0,4.31,7.5,684d2f4f-3223-4c1b-8979-73dc14174cbb
-80.50396672,43.4401795,READING,N,425,J. F. Carmichael,1921,Pod 2450233,43.440171,-80.503963,298,2021/04/08 23:15:00+00,22.1,970.3,41.1,71.9,93.4,357.31,0.23,,7.77,69.35,424.0,27.77,21.8,19.16,14.58,28.24,5.0,14.58,8.0,7f4b7710-bcb5-48b2-a5d7-44e4692c9914
-80.50396672,43.4401795,READING,N,426,J. F. Carmichael,1921,Pod 2450233,43.440171,-80.503963,298,2021/04/08 23:30:00+00,21.6,970.1,41.6,73.4,89.8,360.28,0.21,,7.71,72.89,420.0,26.08,20.05,17.99,13.99,29.53,5.0,14.11,7.92,56fd0df2-6b5b-4eee-a89b-dcbffa93303f
-80.50396672,43.4401795,READING,N,427,J. F. Carmichael,1921,Pod 2450233,43.440171,-80.503963,298,2021/04/08 23:45:00+00,21.3,969.6,42.3,70.5,95.4,376.38,0.32,0.17,8.1,66.62,423.0,31.22,24.97,22.13,16.47,31.25,5.0,16.28,8.42,02f873ab-59c5-47b9-8def-6f0a27ede6af
-80.50396672,43.4401795,READING,N,428,J. F. Carmichael,1921,Pod 2450233,43.440171,-80.503963,298,2021/04/09 00:00:00+00,20.9,969.3,42.7,70.0,83.7,362.72,0.32,,7.65,66.14,424.0,23.71,17.1,15.29,11.96,24.18,5.0,12.0,7.97,26619dfb-4ea7-4efb-90d5-37ead2312ece
-80.49204272,43.43330349,READING,N,429,St. Bernadette,1924,Pod 2450295,43.433295,-80.492039,297,2021/04/09 00:15:00+00,20.6,970.7,48.9,74.7,86.2,302.16,0.2,1.28,9.86,48.1,389.0,15.59,12.42,11.49,9.9,15.59,4.0,4.48,10.06,6e488ba2-a0db-44e3-8761-56f72f38e6a8
-80.49204272,43.43330349,READING,N,430,St. Bernadette,1924,Pod 2450295,43.433295,-80.492039,297,2021/04/09 00:30:00+00,20.4,970.6,49.2,74.7,89.7,299.64,0.23,1.23,10.04,50.85,389.0,17.57,12.09,11.06,9.41,17.6,4.0,4.26,10.27,7bee0a1f-e968-4ede-baf0-f514668a5312
-80.49204272,43.43330349,READING,N,431,St. Bernadette,1924,Pod 2450295,43.433295,-80.492039,297,2021/04/09 00:45:00+00,20.1,970.3,49.5,74.5,83.9,299.83,0.22,1.21,9.65,50.08,383.0,16.95,11.82,10.64,9.04,16.98,4.0,4.06,9.87,acd10d3b-f391-482d-a5e3-6f5517d868b3
-80.49204272,43.43330349,READING,N,432,St. Bernadette,1924,Pod 2450295,43.433295,-80.492039,297,2021/04/09 01:00:00+00,19.9,970.0,49.6,76.4,86.4,298.73,0.28,1.35,9.67,52.29,388.0,16.5,12.2,11.21,9.63,16.53,4.0,4.34,9.95,e358f5ad-b2e3-4a15-a082-393fc6c78f39
-80.48289672,43.4528475,READING,N,433,Suddaby,1923,Pod 2450293,43.452839,-80.482893,331,2021/04/09 00:15:00+00,19.8,968.6,50.3,75.0,87.7,346.0,0.54,,7.34,57.69,426.0,13.23,7.38,5.54,3.68,13.23,4.0,1.12,7.88,e635de3c-3e7e-47cf-ac3a-b5e36eae2e51
-80.48289672,43.4528475,READING,N,434,Suddaby,1923,Pod 2450293,43.452839,-80.482893,331,2021/04/09 00:30:00+00,19.6,968.5,50.4,75.0,87.1,344.06,0.66,,7.19,54.74,425.0,13.21,7.36,5.43,3.56,13.21,4.0,1.11,7.85,42b048c1-f73c-4ad3-99d8-900304927f30
-80.48289672,43.4528475,READING,N,435,Suddaby,1923,Pod 2450293,43.452839,-80.482893,331,2021/04/09 00:45:00+00,19.4,968.1,50.6,74.2,81.7,337.43,0.66,,7.4,57.15,424.0,15.58,7.47,5.48,3.63,15.58,4.0,1.1,8.06,dc240c8a-282b-403f-a505-c69eb198f192
-80.48289672,43.4528475,READING,N,436,Suddaby,1923,Pod 2450293,43.452839,-80.482893,331,2021/04/09 01:00:00+00,19.2,968.3,50.9,73.9,85.9,338.38,0.78,,7.25,54.51,423.0,12.06,7.05,5.22,3.43,12.06,4.0,1.04,8.03,6eb5085c-5c11-424e-b49d-f19cbdc6f599
-80.46121771,43.4535745,READING,N,437,Smithson,1920,Pod 2450232,43.453566,-80.461214,316,2021/04/09 01:15:00+00,19.3,970.4,46.8,71.0,88.7,214.98,0.25,0.27,7.77,63.97,439.0,23.05,11.85,11.21,9.97,23.7,5.0,2.17,8.02,27f5323b-e37f-4369-b79a-9b9a92c21f37
-80.46121771,43.4535745,READING,N,438,Smithson,1920,Pod 2450232,43.453566,-80.461214,316,2021/04/09 01:30:00+00,19.2,970.5,47.0,66.5,88.2,214.83,0.2,0.32,7.93,63.32,439.0,19.69,10.96,10.08,8.75,19.73,5.0,1.89,8.13,0d97694c-8030-474e-ac38-06196c3a401f
-80.46121771,43.4535745,READING,N,439,Smithson,1920,Pod 2450232,43.453566,-80.461214,316,2021/04/09 01:45:00+00,19.2,970.4,47.0,67.2,94.7,212.5,0.4,0.37,8.17,59.93,442.0,17.97,10.64,9.54,8.27,18.01,5.0,1.79,8.57,2f7718b8-6fb7-4d34-b0a4-2300ebfa0247
-80.46121771,43.4535745,READING,N,440,Smithson,1920,Pod 2450232,43.453566,-80.461214,316,2021/04/09 02:00:00+00,19.1,971.1,47.3,65.7,81.5,206.98,0.37,0.3,7.78,60.64,444.0,27.39,12.07,10.45,8.87,44.2,5.0,1.96,8.15,ce8f4413-019c-481b-8162-a208b4b23fab
-80.50395272,43.4441815,READING,N,441,Victoria Park,1922,Pod 2450234,43.444173,-80.503949,294,2021/04/09 00:15:00+00,19.9,972.1,45.7,70.6,82.9,239.26,0.54,0.48,7.76,62.09,422.0,20.88,12.54,11.33,8.97,21.38,5.0,4.15,8.3,9d8f7e14-9bea-4653-ba56-100405ef0d73
-80.50395272,43.4441815,READING,N,442,Victoria Park,1922,Pod 2450234,43.444173,-80.503949,294,2021/04/09 00:30:00+00,19.7,972.0,45.9,69.2,85.7,236.87,0.64,0.54,8.14,61.33,422.0,18.73,12.55,11.26,8.97,18.76,5.0,4.14,8.78,ebeec957-901d-4e43-a42d-9e13e958c9df
-80.50395272,43.4441815,READING,N,443,Victoria Park,1922,Pod 2450234,43.444173,-80.503949,294,2021/04/09 00:45:00+00,19.5,971.6,46.1,68.0,79.9,236.93,0.6,0.63,7.5,59.74,417.0,21.5,12.41,11.02,8.8,25.39,5.0,4.05,8.1,58fdca33-5492-49a7-8a61-20e7383d210f
-80.50395272,43.4441815,READING,N,444,Victoria Park,1922,Pod 2450234,43.444173,-80.503949,294,2021/04/09 01:00:00+00,19.4,971.3,46.3,66.4,73.6,234.03,0.61,0.42,7.55,58.75,420.0,20.11,11.69,10.4,8.28,20.6,5.0,3.83,8.16,12537432-3f26-4f17-a95a-5bffa942f261
-80.50396672,43.4401795,READING,N,445,J. F. Carmichael,1921,Pod 2450233,43.440171,-80.503963,298,2021/04/09 00:15:00+00,20.7,969.7,43.0,69.0,84.4,353.02,0.18,,7.68,65.05,420.0,18.59,13.43,11.59,8.84,18.59,5.0,8.94,7.86,f90357c2-7c2f-4e93-9258-b0609df5f03c
-80.50396672,43.4401795,READING,N,446,J. F. Carmichael,1921,Pod 2450233,43.440171,-80.503963,298,2021/04/09 00:30:00+00,20.5,970.4,43.2,69.6,85.7,346.6,0.3,,7.37,64.58,416.0,20.17,12.33,10.48,7.96,20.64,5.0,8.07,7.67,b4aca878-0076-487a-8b5c-5197fc97f863
-80.50396672,43.4401795,READING,N,447,J. F. Carmichael,1921,Pod 2450233,43.440171,-80.503963,298,2021/04/09 00:45:00+00,20.2,970.3,43.4,69.3,87.9,338.27,0.3,,7.74,63.17,427.0,18.34,11.81,10.11,7.69,19.96,5.0,7.86,8.04,145b1619-857d-48ac-af73-87cf683842ca
-80.50396672,43.4401795,READING,N,448,J. F. Carmichael,1921,Pod 2450233,43.440171,-80.503963,298,2021/04/09 01:00:00+00,20.0,970.0,43.7,68.2,79.3,335.43,0.31,,7.79,62.03,425.0,19.03,11.46,9.82,7.47,19.07,5.0,7.6,8.1,0e1673ac-c2f6-4c52-a898-d91682eec2ba
-80.50396672,43.4401795,READING,N,449,J. F. Carmichael,1921,Pod 2450233,43.440171,-80.503963,298,2021/04/09 01:15:00+00,19.9,969.8,43.9,67.6,75.7,322.87,0.25,,7.63,59.54,415.0,15.95,10.95,9.34,7.24,15.95,5.0,7.31,7.88,4fa641dd-9239-4afb-ad71-f4bf747a1fc8
-80.50396672,43.4401795,READING,N,450,J. F. Carmichael,1921,Pod 2450233,43.440171,-80.503963,298,2021/04/09 01:30:00+00,19.8,969.8,44.1,67.0,76.9,328.0,0.38,,7.54,58.12,423.0,17.76,11.15,9.32,7.16,17.79,5.0,7.28,7.92,f5a89530-e07a-4f99-954f-3a629cc02386
-80.50396672,43.4401795,READING,N,451,J. F. Carmichael,1921,Pod 2450233,43.440171,-80.503963,298,2021/04/09 01:45:00+00,19.6,970.4,44.3,70.0,91.3,331.64,0.33,,7.52,60.49,421.0,20.99,11.64,9.76,7.4,21.5,5.0,7.47,7.85,44be22f7-8e36-4c48-ada5-9d1886ee9ccf
-80.50396672,43.4401795,READING,N,452,J. F. Carmichael,1921,Pod 2450233,43.440171,-80.503963,298,2021/04/09 02:00:00+00,19.5,971.0,44.8,72.7,93.9,326.36,0.34,,7.15,61.54,422.0,20.38,10.97,9.48,7.36,20.89,5.0,7.48,7.49,990c0194-fc74-4f7d-a72f-31d9b2737108
-80.49204272,43.43330349,READING,N,453,St. Bernadette,1924,Pod 2450295,43.433295,-80.492039,297,2021/04/09 01:15:00+00,19.6,969.9,49.9,74.7,84.8,297.91,0.23,1.1,9.5,50.52,383.0,17.97,11.41,10.33,8.84,18.41,4.0,3.96,9.73,25d27038-691d-4fd3-80f1-074b093f8472
-80.49204272,43.43330349,READING,N,454,St. Bernadette,1924,Pod 2450295,43.433295,-80.492039,297,2021/04/09 01:30:00+00,19.5,970.3,50.1,74.0,89.9,296.22,0.34,1.07,9.96,49.24,385.0,13.47,10.83,9.89,8.53,13.47,4.0,3.78,10.3,74044147-6aff-4428-bc99-1211b4a7413a
-80.49204272,43.43330349,READING,N,455,St. Bernadette,1924,Pod 2450295,43.433295,-80.492039,297,2021/04/09 01:45:00+00,19.4,970.6,50.2,74.4,82.4,297.22,0.24,0.96,9.9,47.25,384.0,14.75,11.22,9.95,8.33,14.75,4.0,3.68,10.14,3ff614db-b58f-4843-b8f3-31bec6c435c2
-80.49204272,43.43330349,READING,N,456,St. Bernadette,1924,Pod 2450295,43.433295,-80.492039,297,2021/04/09 02:00:00+00,19.3,970.6,50.3,73.7,83.2,294.43,0.37,0.92,10.05,45.53,387.0,15.28,10.89,9.63,8.2,15.31,4.0,3.59,10.42,27209727-6072-416e-b644-727d54162db1
-80.48289672,43.4528475,READING,N,457,Suddaby,1923,Pod 2450293,43.452839,-80.482893,331,2021/04/09 01:15:00+00,19.0,968.5,51.0,74.6,87.3,342.53,0.75,,7.18,55.8,424.0,12.47,6.63,4.98,3.44,12.47,4.0,1.06,7.93,7c53a6dd-0818-434b-8715-dd5ea7189615
-80.48289672,43.4528475,READING,N,458,Suddaby,1923,Pod 2450293,43.452839,-80.482893,331,2021/04/09 01:30:00+00,19.0,968.9,51.1,73.0,84.5,337.11,0.64,,7.56,54.15,423.0,14.83,6.81,5.2,3.4,14.83,4.0,1.04,8.2,03697536-ee15-41d3-9933-255a6d08bf16
-80.48289672,43.4528475,READING,N,459,Suddaby,1923,Pod 2450293,43.452839,-80.482893,331,2021/04/09 01:45:00+00,18.9,969.3,51.2,71.8,83.5,334.51,0.76,0.02,7.55,50.49,424.0,12.6,6.86,5.03,3.33,12.6,4.0,1.01,8.31,78803060-32e7-426c-9e1c-a0eabdf6576e
-80.48289672,43.4528475,READING,N,460,Suddaby,1923,Pod 2450293,43.452839,-80.482893,331,2021/04/09 02:00:00+00,18.8,969.8,51.4,75.1,94.7,321.34,0.84,0.02,7.37,53.68,424.0,15.07,6.73,5.16,3.3,15.14,4.0,1.01,8.21,337c0520-dd72-4b8d-b065-0726e3e6ed8b
-80.46121771,43.4535745,READING,N,461,Smithson,1920,Pod 2450232,43.453566,-80.461214,316,2021/04/09 02:15:00+00,19.0,971.3,47.4,59.3,72.5,204.11,0.45,0.32,7.84,57.05,446.0,24.46,10.66,9.65,8.32,45.72,5.0,1.82,8.29,0860a086-0954-4410-a32f-42a61b62a456
-80.46121771,43.4535745,READING,N,462,Smithson,1920,Pod 2450232,43.453566,-80.461214,316,2021/04/09 02:30:00+00,18.9,971.7,47.7,58.3,63.9,206.88,0.34,0.65,8.39,50.14,441.0,21.76,10.12,9.18,7.95,22.41,4.0,1.72,8.73,41c9eab0-35ad-4c87-be4e-0eaa078f5140
-80.46121771,43.4535745,READING,N,463,Smithson,1920,Pod 2450232,43.453566,-80.461214,316,2021/04/09 02:45:00+00,18.7,971.9,47.9,57.6,60.4,208.96,0.36,0.79,8.35,48.2,464.0,14.78,9.4,8.92,8.18,14.78,4.0,1.73,8.71,d8394403-d6fc-4ae6-8f64-8086871a2d92
-80.46121771,43.4535745,READING,N,464,Smithson,1920,Pod 2450232,43.453566,-80.461214,316,2021/04/09 03:00:00+00,18.5,972.0,48.3,58.1,61.1,222.07,0.37,0.79,8.4,45.41,455.0,17.03,9.62,9.16,8.41,17.07,4.0,1.79,8.77,f58ae612-a9d5-4a51-9198-30f5ffe8e425
-80.48289672,43.4528475,READING,N,465,Suddaby,1923,Pod 2450293,43.452839,-80.482893,331,2021/04/09 02:15:00+00,18.7,969.8,51.7,70.8,82.1,312.25,0.75,0.19,6.77,49.06,424.0,13.91,6.48,4.87,3.23,13.91,4.0,0.97,7.52,4b8df0ab-ddba-467f-a8b9-59f4349f201c
-80.48289672,43.4528475,READING,N,466,Suddaby,1923,Pod 2450293,43.452839,-80.482893,331,2021/04/09 02:30:00+00,18.5,969.8,52.1,69.9,76.9,312.36,0.77,0.32,6.73,50.06,424.0,15.93,6.75,5.04,3.14,16.0,4.0,0.96,7.5,946626d6-6af3-4f25-b18d-c6d6404fde65
-80.48289672,43.4528475,READING,N,467,Suddaby,1923,Pod 2450293,43.452839,-80.482893,331,2021/04/09 02:45:00+00,18.3,969.7,52.3,69.3,77.1,314.41,0.83,0.5,6.95,46.39,426.0,9.92,5.73,4.38,2.89,9.92,4.0,0.85,7.78,e0cb0ea4-4b6c-41c2-b554-8e3aba8b47ba
-80.48289672,43.4528475,READING,N,468,Suddaby,1923,Pod 2450293,43.452839,-80.482893,331,2021/04/09 03:00:00+00,18.0,969.8,52.8,69.5,79.0,319.99,0.78,0.41,6.96,44.23,427.0,8.68,5.56,4.31,2.98,8.68,4.0,0.87,7.74,58d5a6b1-a3d4-4cb2-a2aa-652b0a663bfe
-80.50395272,43.4441815,READING,N,469,Victoria Park,1922,Pod 2450234,43.444173,-80.503949,294,2021/04/09 01:15:00+00,19.3,971.0,46.3,68.1,80.4,233.23,0.69,0.58,6.93,59.49,413.0,21.76,11.52,10.23,8.19,23.85,5.0,3.76,7.62,72f14372-c8fa-42d8-be24-8c260fd7f199
-80.50395272,43.4441815,READING,N,470,Victoria Park,1922,Pod 2450234,43.444173,-80.503949,294,2021/04/09 01:30:00+00,19.3,971.6,46.6,68.5,85.0,226.59,0.65,0.57,7.2,58.35,421.0,19.7,11.59,10.36,8.4,20.2,5.0,3.86,7.85,c7506a13-1b9b-48d5-abc6-4f64eca39547
-80.50395272,43.4441815,READING,N,471,Victoria Park,1922,Pod 2450234,43.444173,-80.503949,294,2021/04/09 01:45:00+00,19.1,972.4,47.1,66.1,83.8,226.3,0.7,0.58,6.74,57.61,415.0,20.05,11.56,10.47,8.46,21.68,4.0,3.88,7.44,e130176e-e94e-4481-acfc-6f1f9316d7a6
-80.50395272,43.4441815,READING,N,472,Victoria Park,1922,Pod 2450234,43.444173,-80.503949,294,2021/04/09 02:00:00+00,18.8,972.8,47.7,64.2,72.3,223.82,0.79,0.68,7.08,52.55,419.0,16.21,11.55,10.62,8.65,16.21,4.0,3.94,7.87,66c8ad90-5a4a-46da-8599-243f5e2e20fb
-80.49204272,43.43330349,READING,N,473,St. Bernadette,1924,Pod 2450295,43.433295,-80.492039,297,2021/04/09 02:15:00+00,19.3,971.0,50.5,74.8,97.9,295.27,0.28,0.82,10.03,46.58,386.0,16.3,11.76,10.5,8.75,16.33,4.0,3.87,10.31,9e6bb861-023f-476e-b873-28fd9f666f21
-80.49204272,43.43330349,READING,N,474,St. Bernadette,1924,Pod 2450295,43.433295,-80.492039,297,2021/04/09 02:30:00+00,19.1,971.4,50.8,75.6,92.9,291.8,0.4,0.66,9.73,46.31,386.0,21.25,12.56,11.25,9.39,23.12,4.0,4.24,10.13,8f0beccb-2aeb-42a7-ab3d-04c5ec84e873
-80.49204272,43.43330349,READING,N,475,St. Bernadette,1924,Pod 2450295,43.433295,-80.492039,297,2021/04/09 02:45:00+00,19.0,971.9,51.3,72.6,76.3,289.01,0.44,0.53,9.73,41.77,394.0,17.88,10.46,9.44,8.07,18.32,4.0,3.52,10.17,a656e55f-dc6c-4c8a-807b-1e76aa913311
-80.49204272,43.43330349,READING,N,476,St. Bernadette,1924,Pod 2450295,43.433295,-80.492039,297,2021/04/09 03:00:00+00,18.8,972.0,51.6,72.6,73.4,292.49,0.38,0.51,9.58,39.33,393.0,14.08,10.32,9.27,7.92,14.08,4.0,3.46,9.96,fff8a93b-a277-4c0a-9bbd-4640640a51d8
-80.46121771,43.4535745,READING,N,477,Smithson,1920,Pod 2450232,43.453566,-80.461214,316,2021/04/09 03:15:00+00,18.3,971.7,48.6,57.9,65.7,220.99,0.49,0.89,7.81,42.96,454.0,18.31,8.82,8.89,8.16,18.96,4.0,1.72,8.3,3610fef2-ba0b-4481-806c-34da265d6a18
-80.46121771,43.4535745,READING,N,478,Smithson,1920,Pod 2450232,43.453566,-80.461214,316,2021/04/09 03:30:00+00,18.1,971.6,48.9,57.8,61.7,226.85,0.6,0.98,8.92,39.68,462.0,18.1,10.23,9.39,8.37,18.75,4.0,1.78,9.52,739ec684-ea80-4a76-8bd5-5942cc12ec70
-80.46121771,43.4535745,READING,N,479,Smithson,1920,Pod 2450232,43.453566,-80.461214,316,2021/04/09 03:45:00+00,17.9,971.4,49.4,58.0,61.2,222.4,0.33,0.85,8.18,41.68,452.0,15.24,9.84,9.41,8.62,15.24,4.0,1.83,8.51,c3eac514-c503-446e-a3db-5ccf7ba819e8
-80.46121771,43.4535745,READING,N,480,Smithson,1920,Pod 2450232,43.453566,-80.461214,316,2021/04/09 04:00:00+00,17.7,971.9,49.8,57.3,59.9,228.34,0.56,0.8,8.22,39.57,449.0,17.64,9.9,9.56,8.9,17.68,4.0,1.88,8.78,fc31a5d0-97d9-4a97-9853-62676092d9ef
-80.50395272,43.4441815,READING,N,481,Victoria Park,1922,Pod 2450234,43.444173,-80.503949,294,2021/04/09 02:15:00+00,18.6,972.8,48.1,63.5,66.5,226.74,0.72,0.78,6.88,48.55,423.0,17.91,11.36,10.44,8.6,18.38,4.0,3.94,7.6,1aeadfe3-7529-4d37-909a-277d3c9f3ce8
-80.50395272,43.4441815,READING,N,482,Victoria Park,1922,Pod 2450234,43.444173,-80.503949,294,2021/04/09 02:30:00+00,18.3,973.5,48.5,63.7,68.0,234.13,0.77,0.81,7.05,46.76,427.0,17.31,11.51,10.65,8.82,17.34,4.0,3.98,7.82,5e6cfdfd-26cc-43d0-b3ac-c8889c5124f8
-80.50395272,43.4441815,READING,N,483,Victoria Park,1922,Pod 2450234,43.444173,-80.503949,294,2021/04/09 02:45:00+00,18.1,973.1,48.8,62.9,64.2,233.16,0.85,0.88,7.37,42.11,428.0,16.42,10.72,10.28,8.45,16.45,4.0,3.84,8.22,9a7f532c-73f4-4098-9f69-32d14916df5c
-80.50395272,43.4441815,READING,N,484,Victoria Park,1922,Pod 2450234,43.444173,-80.503949,294,2021/04/09 03:00:00+00,17.8,972.5,49.1,63.2,65.9,240.91,0.84,0.74,6.6,44.35,425.0,17.26,11.61,10.54,8.67,17.29,4.0,3.92,7.44,8de08aed-6868-4277-beea-768fbfa11963
-80.50396672,43.4401795,READING,N,485,J. F. Carmichael,1921,Pod 2450233,43.440171,-80.503963,298,2021/04/09 02:15:00+00,19.3,971.5,45.5,67.3,76.0,322.13,0.29,,7.17,56.71,421.0,15.89,11.29,9.76,7.65,15.89,5.0,7.76,7.46,2bf0f0bb-f2ff-4d54-b04e-17e9b92584d7
-80.50396672,43.4401795,READING,N,486,J. F. Carmichael,1921,Pod 2450233,43.440171,-80.503963,298,2021/04/09 02:30:00+00,19.0,971.9,46.0,65.3,73.8,324.63,0.3,,6.95,50.85,419.0,18.46,11.07,9.61,7.53,18.96,4.0,7.56,7.25,eda5e15e-95ea-4e0f-915f-2b12244bcf78
-80.50396672,43.4401795,READING,N,487,J. F. Carmichael,1921,Pod 2450233,43.440171,-80.503963,298,2021/04/09 02:45:00+00,18.8,971.6,46.4,65.4,76.0,325.46,0.44,0.06,7.0,48.73,431.0,14.04,10.21,9.18,7.29,24.97,4.0,7.3,7.44,4abccec9-330b-4b6b-a73c-e35e5f6912c4
-80.50396672,43.4401795,READING,N,488,J. F. Carmichael,1921,Pod 2450233,43.440171,-80.503963,298,2021/04/09 03:00:00+00,18.5,971.4,46.7,64.7,74.3,328.35,0.46,0.24,7.78,45.72,434.0,16.69,10.99,9.68,7.59,16.72,4.0,7.68,8.24,b68f1f25-364e-4aaa-a966-3e79d5b75127
-80.49204272,43.43330349,READING,N,489,St. Bernadette,1924,Pod 2450295,43.433295,-80.492039,297,2021/04/09 03:15:00+00,18.6,971.8,51.9,72.9,73.4,294.78,0.41,0.47,9.75,38.43,398.0,13.96,10.59,9.56,8.13,13.96,4.0,3.54,10.16,08de7150-f6ee-414f-840e-64d301ad29a9
-80.49204272,43.43330349,READING,N,490,St. Bernadette,1924,Pod 2450295,43.433295,-80.492039,297,2021/04/09 03:30:00+00,18.3,971.3,52.4,72.5,73.2,300.03,0.51,0.44,9.84,36.1,399.0,12.96,10.61,9.61,8.26,12.96,4.0,3.57,10.35,3827c260-335f-4b5f-bdaa-af073ce84f8d
-80.49204272,43.43330349,READING,N,491,St. Bernadette,1924,Pod 2450295,43.433295,-80.492039,297,2021/04/09 03:45:00+00,18.1,972.0,52.8,72.3,72.8,299.21,0.43,0.37,10.11,35.82,399.0,13.81,10.06,9.28,7.97,13.81,4.0,3.43,10.54,1fb01e1b-7ed1-4bdf-bcc7-a3591681de88
-80.49204272,43.43330349,READING,N,492,St. Bernadette,1924,Pod 2450295,43.433295,-80.492039,297,2021/04/09 04:00:00+00,17.8,972.4,53.1,72.2,73.2,305.04,0.52,0.33,9.91,34.95,396.0,13.04,10.27,9.65,8.41,13.04,4.0,3.69,10.43,9ccfe586-7b1f-4872-99f8-892611eecba0
-80.48289672,43.4528475,READING,N,493,Suddaby,1923,Pod 2450293,43.452839,-80.482893,331,2021/04/09 03:15:00+00,17.8,969.7,53.1,69.2,83.2,321.63,0.9,0.56,7.16,43.86,427.0,10.93,5.8,4.35,2.9,10.93,4.0,0.86,8.06,745de6d9-4ce3-4c37-892d-1d8053eef26e
-80.48289672,43.4528475,READING,N,494,Suddaby,1923,Pod 2450293,43.452839,-80.482893,331,2021/04/09 03:30:00+00,17.6,969.5,53.3,69.0,76.1,326.51,0.91,0.65,7.41,41.7,427.0,7.69,5.38,4.21,2.93,7.69,3.0,0.86,8.32,b3a59fd2-ede8-4591-a0d6-d0ad212f8c7a
-80.48289672,43.4528475,READING,N,495,Suddaby,1923,Pod 2450293,43.452839,-80.482893,331,2021/04/09 03:45:00+00,17.3,970.1,53.9,69.0,76.5,328.98,0.8,0.58,7.05,43.83,431.0,10.1,5.6,4.48,3.08,10.1,3.0,0.91,7.85,b0901f5c-3627-4c0a-9675-651262ca7efa
-80.48289672,43.4528475,READING,N,496,Suddaby,1923,Pod 2450293,43.452839,-80.482893,331,2021/04/09 04:00:00+00,17.1,970.6,54.6,69.1,76.4,329.01,0.9,0.49,7.55,43.15,432.0,10.6,6.19,4.74,3.28,10.6,3.0,0.98,8.45,86bee699-cded-4d2d-899d-a344556d6f21
-80.46121771,43.4535745,READING,N,497,Smithson,1920,Pod 2450232,43.453566,-80.461214,316,2021/04/09 04:15:00+00,17.5,972.1,50.0,57.0,59.5,226.56,0.56,0.88,8.05,37.01,458.0,13.38,9.43,9.4,8.7,13.38,4.0,1.82,8.61,b304f1a0-71d5-4019-b745-374512232ce2
-80.46121771,43.4535745,READING,N,498,Smithson,1920,Pod 2450232,43.453566,-80.461214,316,2021/04/09 04:30:00+00,17.3,972.1,50.3,57.9,67.1,228.23,0.63,1.09,8.56,33.62,463.0,12.47,9.43,9.12,8.53,12.47,4.0,1.81,9.19,0a626858-873c-4261-a992-c027124c1f5e
-80.46121771,43.4535745,READING,N,499,Smithson,1920,Pod 2450232,43.453566,-80.461214,316,2021/04/09 04:45:00+00,17.2,972.0,50.8,57.5,72.5,255.0,0.55,1.09,9.28,32.21,467.0,16.19,9.82,9.67,9.02,18.27,4.0,1.9,9.83,c55211d6-f887-4ae6-ba08-fd24d46e2a8f
-80.46121771,43.4535745,READING,N,500,Smithson,1920,Pod 2450232,43.453566,-80.461214,316,2021/04/09 05:00:00+00,17.1,971.9,51.2,57.5,67.5,305.27,0.48,1.06,8.95,32.79,459.0,15.91,10.4,10.09,9.39,15.91,3.0,1.99,9.43,4efef5c0-af35-41e3-bd56-bc07d882dae4
-80.50395272,43.4441815,READING,N,501,Victoria Park,1922,Pod 2450234,43.444173,-80.503949,294,2021/04/09 03:15:00+00,17.7,972.6,49.6,63.2,66.5,246.88,0.86,0.82,7.6,42.87,428.0,17.29,12.3,11.62,9.6,17.75,4.0,4.35,8.46,3a0b7ca5-ee4d-49c8-86c7-88f705220ebd
-80.50395272,43.4441815,READING,N,502,Victoria Park,1922,Pod 2450234,43.444173,-80.503949,294,2021/04/09 03:30:00+00,17.5,973.1,50.2,63.0,64.9,248.36,0.94,0.81,7.75,40.19,433.0,19.32,11.9,11.49,9.59,19.82,4.0,4.34,8.69,e369f7bf-b93c-49fc-ada1-80a75fd3d5cd
-80.50395272,43.4441815,READING,N,503,Victoria Park,1922,Pod 2450234,43.444173,-80.503949,294,2021/04/09 03:45:00+00,17.2,972.8,50.3,63.0,65.5,251.09,0.9,0.86,7.85,37.65,425.0,15.96,11.99,11.26,9.24,15.96,4.0,4.22,8.75,12f36751-e341-4ed6-876e-873e395eceaa
-80.50395272,43.4441815,READING,N,504,Victoria Park,1922,Pod 2450234,43.444173,-80.503949,294,2021/04/09 04:00:00+00,17.0,972.8,50.8,63.0,64.3,248.61,1.02,0.84,6.86,38.17,429.0,13.19,11.27,10.68,8.85,13.19,4.0,3.98,7.88,0aec7494-122e-4d37-b01b-bbe1e61b3207
-80.49204272,43.43330349,READING,N,505,St. Bernadette,1924,Pod 2450295,43.433295,-80.492039,297,2021/04/09 04:15:00+00,17.6,972.0,53.3,70.0,73.7,311.17,0.42,0.48,9.55,33.53,404.0,14.43,10.81,9.86,8.58,14.43,3.0,3.79,9.97,a3b01b80-d08f-4fae-b49d-dfe5a8ba660d
-80.49204272,43.43330349,READING,N,506,St. Bernadette,1924,Pod 2450295,43.433295,-80.492039,297,2021/04/09 04:30:00+00,17.5,971.8,53.7,69.6,74.0,310.34,0.44,0.39,10.01,30.57,401.0,13.43,10.77,9.86,8.48,13.43,3.0,3.7,10.45,479d7bff-ad86-4337-9117-d7b5ede0a128
-80.49204272,43.43330349,READING,N,507,St. Bernadette,1924,Pod 2450295,43.433295,-80.492039,297,2021/04/09 04:45:00+00,17.3,972.0,54.1,69.8,85.1,311.88,0.43,0.61,11.16,27.49,408.0,13.87,10.95,10.12,8.84,13.87,3.0,3.91,11.59,b58a4bf8-83a4-4b36-9d9f-0e67a76ba239
-80.49204272,43.43330349,READING,N,508,St. Bernadette,1924,Pod 2450295,43.433295,-80.492039,297,2021/04/09 05:00:00+00,17.2,972.3,54.6,70.2,72.0,319.84,0.51,0.58,10.97,26.4,412.0,13.9,11.01,10.04,8.65,13.9,3.0,3.82,11.48,58a79fec-5add-4000-a075-0451167b0278
-80.48289672,43.4528475,READING,N,509,Suddaby,1923,Pod 2450293,43.452839,-80.482893,331,2021/04/09 04:15:00+00,16.9,970.6,54.8,69.3,82.8,333.64,0.94,0.62,7.19,42.49,431.0,9.37,5.8,4.56,3.27,9.37,3.0,0.97,8.13,a8376bca-d06d-40f6-8aa2-a63b0b5e0000
-80.48289672,43.4528475,READING,N,510,Suddaby,1923,Pod 2450293,43.452839,-80.482893,331,2021/04/09 04:30:00+00,16.8,970.4,55.2,68.7,75.9,336.56,0.96,0.74,7.78,35.71,434.0,9.35,6.08,4.66,3.31,9.35,3.0,0.98,8.74,403d8d72-9d5e-4edf-9e9d-47770aff9e2d
-80.48289672,43.4528475,READING,N,511,Suddaby,1923,Pod 2450293,43.452839,-80.482893,331,2021/04/09 04:45:00+00,16.6,970.1,55.7,68.7,76.0,343.15,0.94,0.75,7.78,35.49,436.0,9.61,5.91,4.66,3.38,9.61,3.0,1.0,8.72,d6c8b81f-f659-4d8a-bc0e-29d63e634787
-80.48289672,43.4528475,READING,N,512,Suddaby,1923,Pod 2450293,43.452839,-80.482893,331,2021/04/09 05:00:00+00,16.5,969.6,56.0,68.7,76.2,339.36,1.06,0.79,8.02,36.54,435.0,10.36,5.96,4.58,3.33,10.36,3.0,1.0,9.08,2117e822-ab93-4d56-b7bf-6e84351b5c42
-80.46121771,43.4535745,READING,N,641,Smithson,1920,Pod 2450232,43.453566,-80.461214,316,2021/04/09 05:15:00+00,17.0,971.8,51.5,57.4,69.3,251.29,0.64,1.01,8.52,33.37,466.0,14.7,10.33,9.97,9.24,14.7,3.0,1.96,9.16,5b122485-0b60-4c6f-8050-925973cbab3c
-80.46121771,43.4535745,READING,N,642,Smithson,1920,Pod 2450232,43.453566,-80.461214,316,2021/04/09 05:30:00+00,17.0,971.7,52.0,56.8,60.4,238.54,0.57,1.01,8.13,35.32,455.0,17.06,10.01,9.88,9.32,17.11,3.0,1.98,8.7,a3cbe684-3a5f-4c54-b4ff-81a4f2c334fd
-80.46121771,43.4535745,READING,N,643,Smithson,1920,Pod 2450232,43.453566,-80.461214,316,2021/04/09 05:45:00+00,16.8,971.6,52.7,58.1,67.3,245.54,0.64,1.01,8.42,33.83,462.0,14.34,10.21,10.39,9.66,14.34,3.0,2.06,9.06,6770a796-bc2c-4d51-ad80-32354641c3ae
-80.46121771,43.4535745,READING,N,644,Smithson,1920,Pod 2450232,43.453566,-80.461214,316,2021/04/09 06:00:00+00,16.7,971.3,53.1,58.4,68.9,255.47,0.63,1.14,8.98,30.96,448.0,18.38,11.6,10.91,10.26,18.98,3.0,2.17,9.61,e7fa29ea-d635-4ee0-97e5-9ad03f41f1dc
-80.50395272,43.4441815,READING,N,645,Victoria Park,1922,Pod 2450234,43.444173,-80.503949,294,2021/04/09 04:15:00+00,16.8,972.7,51.0,63.1,64.6,251.31,1.18,0.97,7.42,35.76,433.0,17.52,12.17,11.36,9.47,17.55,4.0,4.29,8.6,4d3bd348-c6a3-4684-ae8f-d63af09dd66b
-80.50395272,43.4441815,READING,N,646,Victoria Park,1922,Pod 2450234,43.444173,-80.503949,294,2021/04/09 04:30:00+00,16.7,972.9,51.4,63.0,64.2,254.41,1.06,0.96,8.06,35.1,426.0,15.82,12.4,11.67,9.66,15.82,3.0,4.39,9.12,a4f50f00-d04b-4a2a-b8e0-591b0fd392d7
-80.50395272,43.4441815,READING,N,647,Victoria Park,1922,Pod 2450234,43.444173,-80.503949,294,2021/04/09 04:45:00+00,16.6,972.7,51.9,63.0,64.5,257.22,0.99,1.06,8.52,33.7,431.0,18.36,12.9,12.05,10.03,18.39,3.0,4.53,9.51,ed8b3e23-d286-46b7-8311-bd5c24c748f5
-80.50395272,43.4441815,READING,N,648,Victoria Park,1922,Pod 2450234,43.444173,-80.503949,294,2021/04/09 05:00:00+00,16.6,972.7,52.1,62.8,64.1,260.72,0.95,1.09,8.81,31.77,433.0,18.01,12.9,12.16,10.19,18.01,3.0,4.61,9.76,54618f63-121f-407f-b7d6-b0856f645468
-80.50396672,43.4401795,READING,N,649,J. F. Carmichael,1921,Pod 2450233,43.440171,-80.503963,298,2021/04/09 04:15:00+00,17.7,970.9,48.6,64.7,72.9,342.95,0.44,0.48,8.26,39.68,439.0,18.43,12.21,10.94,8.61,18.91,4.0,8.62,8.7,14ccc602-c89a-44d5-b189-a3c807db72f8
-80.50396672,43.4401795,READING,N,650,J. F. Carmichael,1921,Pod 2450233,43.440171,-80.503963,298,2021/04/09 04:30:00+00,17.6,970.9,49.0,64.8,73.6,344.97,0.43,0.43,8.12,41.41,439.0,16.48,12.76,11.06,8.57,16.48,4.0,8.64,8.55,e88a6a02-a3a7-4ad9-90f0-2eb3b6548812
-80.50396672,43.4401795,READING,N,651,J. F. Carmichael,1921,Pod 2450233,43.440171,-80.503963,298,2021/04/09 04:45:00+00,17.5,970.8,49.4,64.5,72.4,349.27,0.52,0.5,8.75,37.34,435.0,18.32,13.12,11.61,9.09,18.36,4.0,9.12,9.27,b14a3b3e-45b5-4558-9aa9-38e4c9a66ca5
-80.50396672,43.4401795,READING,N,652,J. F. Carmichael,1921,Pod 2450233,43.440171,-80.503963,298,2021/04/09 05:00:00+00,17.4,971.2,49.8,64.2,72.3,352.63,0.46,0.61,8.55,38.7,441.0,20.69,15.18,13.55,10.47,20.73,4.0,10.52,9.01,8f736a87-19ec-45c9-a7ac-d187a099ecaa
-80.50396672,43.4401795,READING,N,653,J. F. Carmichael,1921,Pod 2450233,43.440171,-80.503963,298,2021/04/09 05:15:00+00,17.3,971.1,50.3,64.2,72.3,357.92,0.5,0.48,8.53,37.92,440.0,20.1,16.02,14.19,10.96,20.1,3.0,11.04,9.03,09987a7b-1775-48eb-a397-b237e6c534d9
-80.50396672,43.4401795,READING,N,654,J. F. Carmichael,1921,Pod 2450233,43.440171,-80.503963,298,2021/04/09 05:30:00+00,17.3,971.0,50.7,64.2,72.3,356.35,0.61,0.51,9.42,34.58,429.0,21.01,16.34,14.73,11.46,21.01,3.0,11.56,10.03,293f557a-1cb5-4368-9df9-2d171d0bf4b5
-80.50396672,43.4401795,READING,N,655,J. F. Carmichael,1921,Pod 2450233,43.440171,-80.503963,298,2021/04/09 05:45:00+00,17.2,970.9,50.9,64.8,72.9,348.81,0.5,0.57,8.74,35.47,438.0,20.12,13.57,12.16,9.54,20.16,3.0,9.64,9.24,b1351e25-d508-40c1-b1dd-7343cd2f64d7
-80.50396672,43.4401795,READING,N,656,J. F. Carmichael,1921,Pod 2450233,43.440171,-80.503963,298,2021/04/09 06:00:00+00,17.1,971.1,51.4,65.2,73.7,348.31,0.51,0.34,9.12,37.55,441.0,22.0,14.86,13.04,10.29,22.03,3.0,10.34,9.63,cd54eae0-af8e-4ce9-9de0-bf0ce742be03
-80.49204272,43.43330349,READING,N,657,St. Bernadette,1924,Pod 2450295,43.433295,-80.492039,297,2021/04/09 05:15:00+00,17.1,972.5,54.8,70.8,72.8,322.1,0.52,0.58,10.45,27.87,406.0,15.26,10.83,10.16,8.91,15.29,3.0,3.94,10.97,0b68f942-adcd-4012-bff1-9ff6b039136c
-80.49204272,43.43330349,READING,N,658,St. Bernadette,1924,Pod 2450295,43.433295,-80.492039,297,2021/04/09 05:30:00+00,17.1,972.4,55.2,71.3,73.1,323.12,0.61,0.61,10.98,26.67,404.0,14.05,11.22,10.45,9.26,14.05,3.0,4.14,11.59,5da6ffc1-3e44-4e7b-b999-3e1866e32080
-80.49204272,43.43330349,READING,N,659,St. Bernadette,1924,Pod 2450295,43.433295,-80.492039,297,2021/04/09 05:45:00+00,17.0,972.5,55.6,69.7,74.3,322.85,0.55,0.6,10.65,27.84,404.0,14.55,11.43,10.78,9.56,14.55,3.0,4.31,11.2,f4ddfc38-3ff8-48e6-91b5-35ba788ac723
-80.49204272,43.43330349,READING,N,660,St. Bernadette,1924,Pod 2450295,43.433295,-80.492039,297,2021/04/09 06:00:00+00,16.9,972.1,55.8,69.6,72.9,321.71,0.48,0.63,10.65,28.07,409.0,15.07,11.73,11.01,9.72,15.07,3.0,4.41,11.13,582fbbde-23f3-47dc-85c9-a5a59fe96cf9
-80.48289672,43.4528475,READING,N,661,Suddaby,1923,Pod 2450293,43.452839,-80.482893,331,2021/04/09 05:15:00+00,16.5,969.5,56.1,68.6,76.8,342.4,1.03,0.94,8.7,32.53,437.0,9.96,5.77,4.7,3.29,9.96,3.0,0.98,9.73,0b53f26c-3284-4dd1-9bc8-421a87102090
-80.48289672,43.4528475,READING,N,662,Suddaby,1923,Pod 2450293,43.452839,-80.482893,331,2021/04/09 05:30:00+00,16.4,969.3,56.8,68.8,76.0,349.22,0.98,1.07,9.32,34.07,442.0,11.42,6.43,5.11,3.57,11.42,3.0,1.08,10.3,3694b8b2-7526-49f8-8420-b581ef199197
-80.48289672,43.4528475,READING,N,663,Suddaby,1923,Pod 2450293,43.452839,-80.482893,331,2021/04/09 05:45:00+00,16.3,969.2,57.3,68.5,76.0,353.42,1.06,1.06,9.22,30.84,443.0,9.74,5.98,4.87,3.51,9.74,3.0,1.05,10.28,f19faca7-96af-4cf5-ad77-e58b06fe1fed
-80.48289672,43.4528475,READING,N,664,Suddaby,1923,Pod 2450293,43.452839,-80.482893,331,2021/04/09 06:00:00+00,16.2,969.1,57.7,69.0,76.1,357.45,1.05,1.31,9.6,28.21,445.0,11.78,6.47,5.34,3.79,11.78,3.0,1.14,10.65,636ac9f4-a2cc-4a4f-93bc-121f4351101a
-80.46121771,43.4535745,READING,N,665,Smithson,1920,Pod 2450232,43.453566,-80.461214,316,2021/04/09 06:15:00+00,16.7,971.0,53.2,59.0,70.1,255.18,0.6,1.22,10.33,29.55,464.0,17.15,12.44,12.58,12.2,17.15,3.0,2.57,10.93,951bf201-0ebe-4926-9e7d-5ee83975bbff
-80.46121771,43.4535745,READING,N,666,Smithson,1920,Pod 2450232,43.453566,-80.461214,316,2021/04/09 06:30:00+00,16.6,970.8,53.5,59.6,86.0,267.28,0.56,1.34,11.38,25.52,453.0,26.01,16.21,15.88,14.51,26.66,3.0,3.11,11.94,64c4de0d-fb83-41f6-b693-cdb7a4db2212
-80.46121771,43.4535745,READING,N,667,Smithson,1920,Pod 2450232,43.453566,-80.461214,316,2021/04/09 06:45:00+00,16.5,970.9,53.7,57.0,59.2,268.53,1.8,1.59,12.07,22.0,467.0,24.11,16.35,15.62,13.9,26.19,3.0,3.02,13.87,ef930921-e95d-4a0d-b4b3-b4f3391f0016
-80.46121771,43.4535745,READING,N,668,Smithson,1920,Pod 2450232,43.453566,-80.461214,316,2021/04/09 07:00:00+00,16.5,970.8,54.1,56.6,59.0,261.73,0.61,1.4,10.84,24.89,467.0,22.75,14.93,14.47,13.0,22.79,3.0,2.82,11.45,a9ce8293-106c-471e-b9b2-27d6507e1d55
-80.48289672,43.4528475,READING,N,669,Suddaby,1923,Pod 2450293,43.452839,-80.482893,331,2021/04/09 06:15:00+00,16.2,969.1,58.1,69.0,76.4,350.21,0.99,0.98,8.47,33.27,444.0,10.77,6.2,5.03,3.71,10.77,3.0,1.12,9.46,8688275c-f130-4da3-8147-f04e0cf373fc
-80.48289672,43.4528475,READING,N,670,Suddaby,1923,Pod 2450293,43.452839,-80.482893,331,2021/04/09 06:30:00+00,16.1,968.9,58.4,68.7,75.7,348.92,1.01,1.12,9.31,30.4,443.0,12.54,6.79,5.3,3.73,12.54,3.0,1.14,10.32,bece49e4-66ac-44ec-ac2d-743d6f4f3693
-80.48289672,43.4528475,READING,N,671,Suddaby,1923,Pod 2450293,43.452839,-80.482893,331,2021/04/09 06:45:00+00,16.0,969.1,58.6,68.7,76.5,350.34,1.12,1.23,9.81,27.07,443.0,11.07,6.5,5.03,3.54,11.07,3.0,1.07,10.93,1a40b9b8-6460-4075-a2fe-663afa00e449
-80.48289672,43.4528475,READING,N,672,Suddaby,1923,Pod 2450293,43.452839,-80.482893,331,2021/04/09 07:00:00+00,16.0,969.0,59.5,68.5,75.9,358.77,1.1,1.24,9.79,30.11,443.0,11.02,6.61,5.37,3.88,11.02,3.0,1.18,10.89,527b615f-24f2-4c2a-ae33-7401e4479415
-80.50396672,43.4401795,READING,N,961,J. F. Carmichael,1921,Pod 2450233,43.440171,-80.503963,298,2021/04/09 06:15:00+00,17.1,970.7,51.6,64.8,73.1,350.48,0.56,0.49,9.29,37.33,440.0,21.69,15.28,13.29,10.35,21.72,3.0,10.48,9.85,7b424560-3758-44c9-9cf6-8808fa7a287e
-80.50396672,43.4401795,READING,N,962,J. F. Carmichael,1921,Pod 2450233,43.440171,-80.503963,298,2021/04/09 06:30:00+00,17.0,970.9,52.0,65.1,72.7,348.37,0.03,0.39,9.22,37.98,435.0,22.76,14.61,13.11,10.38,23.27,3.0,10.38,9.25,f2f07f4a-9bf5-459b-9a11-ad79a56203fb
-80.50396672,43.4401795,READING,N,963,J. F. Carmichael,1921,Pod 2450233,43.440171,-80.503963,298,2021/04/09 06:45:00+00,16.8,970.9,52.7,64.2,72.9,350.38,0.53,0.4,9.21,35.85,437.0,19.47,14.05,12.49,9.98,19.5,3.0,10.04,9.74,c9b43d63-c52f-4fb1-9952-4e640ea28911
-80.50396672,43.4401795,READING,N,964,J. F. Carmichael,1921,Pod 2450233,43.440171,-80.503963,298,2021/04/09 07:00:00+00,16.7,970.8,53.7,64.6,72.5,351.46,0.51,0.36,8.56,38.13,447.0,16.67,14.29,12.92,10.41,16.67,3.0,10.4,9.07,ce925445-432f-4cb7-b8a0-57370aacf39b
-80.49204272,43.43330349,READING,N,965,St. Bernadette,1924,Pod 2450295,43.433295,-80.492039,297,2021/04/09 06:15:00+00,16.9,972.2,56.2,73.2,74.8,317.43,0.69,0.67,10.76,27.81,407.0,15.2,11.77,11.28,10.1,15.2,3.0,4.59,11.45,0427aa70-8e02-4c4f-ac37-3199134c1749
-80.49204272,43.43330349,READING,N,966,St. Bernadette,1924,Pod 2450295,43.433295,-80.492039,297,2021/04/09 06:30:00+00,16.8,971.9,56.5,74.3,75.7,322.03,0.48,0.66,11.98,23.85,408.0,15.32,12.08,11.3,9.95,24.91,3.0,4.56,12.46,338352c2-92b8-43f7-a09c-187af93e4bec
-80.49204272,43.43330349,READING,N,967,St. Bernadette,1924,Pod 2450295,43.433295,-80.492039,297,2021/04/09 06:45:00+00,16.6,971.6,57.2,74.7,79.8,322.09,0.57,0.68,11.27,25.85,408.0,16.97,12.3,11.43,10.17,17.0,3.0,4.67,11.84,0ef09fc5-c729-4a84-abd8-0bd5ef7789c8
-80.49204272,43.43330349,READING,N,968,St. Bernadette,1924,Pod 2450295,43.433295,-80.492039,297,2021/04/09 07:00:00+00,16.5,971.5,57.8,74.5,76.3,326.25,0.68,0.6,10.52,27.62,407.0,17.04,12.46,11.69,10.46,17.07,3.0,4.84,11.2,ac545e8d-2025-40db-b8c8-3a34cabcf8e1
-80.46121771,43.4535745,READING,N,969,Smithson,1920,Pod 2450232,43.453566,-80.461214,316,2021/04/09 07:15:00+00,16.5,970.9,54.6,56.5,62.6,252.72,0.01,1.31,10.1,29.0,447.0,17.93,12.93,12.75,12.16,17.93,3.0,2.58,10.11,8cb762d4-15ac-4dd5-9928-ba924e4a9b4b
-80.46121771,43.4535745,READING,N,970,Smithson,1920,Pod 2450232,43.453566,-80.461214,316,2021/04/09 07:30:00+00,16.5,970.7,55.2,56.7,59.5,246.94,0.67,1.1,9.13,30.68,461.0,17.0,12.35,12.53,12.29,17.0,3.0,2.59,9.8,5d6f39c4-a8b0-4d3f-a333-59d1397c62ec
-80.46121771,43.4535745,READING,N,971,Smithson,1920,Pod 2450232,43.453566,-80.461214,316,2021/04/09 07:45:00+00,16.5,970.7,55.5,57.2,66.9,246.55,0.68,1.01,8.75,32.35,447.0,14.68,12.25,12.69,12.56,14.68,3.0,2.62,9.43,ece9de80-245e-4218-ac3f-19f49fa9f965
-80.46121771,43.4535745,READING,N,972,Smithson,1920,Pod 2450232,43.453566,-80.461214,316,2021/04/09 08:00:00+00,16.5,970.7,56.0,57.5,62.6,247.2,0.04,1.05,9.2,34.25,458.0,17.46,12.85,13.55,13.79,17.46,3.0,2.88,9.24,6f11ca24-d98e-439a-9f22-4b84f7260e98
-80.48289672,43.4528475,READING,N,973,Suddaby,1923,Pod 2450293,43.452839,-80.482893,331,2021/04/09 07:15:00+00,16.0,968.9,60.1,68.7,75.8,366.1,1.12,1.4,9.84,28.4,439.0,10.7,6.37,5.33,3.91,10.7,3.0,1.19,10.96,f6fa7708-5d3d-4715-b083-02dcfd415649
-80.48289672,43.4528475,READING,N,974,Suddaby,1923,Pod 2450293,43.452839,-80.482893,331,2021/04/09 07:30:00+00,16.0,968.7,60.8,68.8,76.4,368.68,1.11,1.36,9.97,29.56,441.0,9.71,6.74,5.57,4.08,9.71,3.0,1.23,11.08,918d92c2-ad82-419d-8076-5b0843cf56a3
-80.48289672,43.4528475,READING,N,975,Suddaby,1923,Pod 2450293,43.452839,-80.482893,331,2021/04/09 07:45:00+00,15.9,968.7,61.7,68.7,77.6,365.18,1.03,1.1,9.27,31.17,435.0,9.03,6.49,5.43,4.15,9.03,3.0,1.27,10.3,3ed1d769-3fdd-4e17-a4a2-a18814f0e60a
-80.48289672,43.4528475,READING,N,976,Suddaby,1923,Pod 2450293,43.452839,-80.482893,331,2021/04/09 08:00:00+00,15.9,968.9,62.2,69.2,76.3,353.36,1.09,1.15,9.15,28.55,434.0,10.94,6.74,5.69,4.26,10.94,3.0,1.3,10.24,1f917b0f-6af6-40db-a6bd-7e6f68b48627
